,sid,memoryid,rankid,bankid,row,col,error_type,error_time
24841252,Server_22773,0,1,4,69,0,2,0001-04-18 00:34:57
1165557,Server_2119,4,0,9,103041,400,1,0001-08-19 05:38:49
5807423,Server_7477,15,1,2,123742,0,2,0001-05-24 22:14:03
30701315,Server_26851,9,1,5,17887,1016,2,0001-03-06 10:00:21
62181207,Server_28769,12,0,0,13,600,1,0001-06-26 19:58:38
7904374,Server_8762,7,0,12,59833,472,2,0001-03-19 11:28:49
5931457,Server_7686,23,1,3,128898,984,1,0001-08-07 21:37:39
38329692,Server_28736,9,1,8,121207,952,2,0001-06-08 06:24:48
29827201,Server_26851,9,1,5,66031,1016,2,0001-02-19 21:28:43
43686305,Server_28769,12,0,0,11,736,1,0001-02-05 07:27:01
57498779,Server_28769,12,1,4,116781,496,2,0001-05-19 22:19:23
52578050,Server_28769,12,1,8,102604,104,2,0001-04-13 04:38:03
57872714,Server_28769,12,0,7,123420,800,1,0001-05-22 19:07:54
27125966,Server_26750,12,1,15,96978,1000,2,0001-03-10 16:57:07
57295874,Server_28769,12,0,15,131040,272,1,0001-05-18 08:59:27
70472939,Server_28769,12,0,15,131040,280,1,0001-08-29 08:20:14
61264287,Server_28769,12,1,10,3,88,1,0001-06-19 19:15:40
32219429,Server_27573,16,0,2,129,312,2,0001-03-16 12:52:04
67968222,Server_28769,12,1,13,128744,200,1,0001-08-10 03:53:23
68332105,Server_28769,12,0,15,131040,280,1,0001-08-12 22:45:52
72904331,Server_29962,4,0,7,4403,680,2,0001-07-29 13:39:28
19186872,Server_17065,6,0,0,34176,96,1,0001-07-29 17:47:29
62568608,Server_28769,12,0,7,17546,824,2,0001-06-29 19:14:34
38164127,Server_28736,9,1,11,108849,192,2,0001-05-21 13:51:17
12951840,Server_14201,12,0,14,61155,120,2,0001-07-17 11:26:05
29126131,Server_26851,5,1,4,10517,592,1,0001-02-07 02:45:33
52743070,Server_28769,12,0,12,7579,392,2,0001-04-14 11:00:54
16336883,Server_17065,6,0,0,34176,96,1,0001-03-17 07:02:37
65828043,Server_28769,12,0,7,44347,736,2,0001-07-23 18:32:27
4442930,Server_6878,5,0,11,130032,112,1,0001-04-26 18:25:04
72208483,Server_29962,4,1,13,97193,264,2,0001-07-24 07:14:58
30658630,Server_26851,9,1,5,68103,1016,2,0001-03-05 13:21:46
63088853,Server_28769,12,1,9,20030,856,2,0001-07-02 18:55:13
25578475,Server_23652,20,0,6,13839,256,2,0001-03-19 00:59:46
36351120,Server_28703,13,0,10,88316,392,2,0001-01-24 16:09:30
45983871,Server_28769,12,0,4,42081,632,2,0001-02-23 05:15:53
10924094,Server_13634,12,0,15,41,128,1,0001-07-06 17:56:43
73945701,Server_29962,4,0,15,82002,184,2,0001-08-08 01:55:00
44516070,Server_28769,12,1,6,668,424,1,0001-02-11 18:32:53
39628056,Server_28769,12,1,5,120761,776,2,0001-01-04 07:31:05
38044627,Server_28736,8,1,8,1951,976,2,0001-05-10 13:06:10
6402438,Server_8238,4,0,7,123072,256,1,0001-05-05 03:02:13
19469161,Server_17065,6,0,0,34176,96,1,0001-08-12 15:38:28
45829166,Server_28769,12,0,8,56686,752,1,0001-02-22 00:20:00
34184259,Server_28529,20,0,10,5342,720,1,0001-04-19 09:29:39
30880140,Server_26851,5,1,12,41399,1016,2,0001-03-09 22:56:37
60054769,Server_28769,12,0,11,131040,280,1,0001-06-10 12:39:56
70518524,Server_28769,12,1,13,129473,608,1,0001-08-29 16:43:18
16819551,Server_17065,6,0,0,34176,96,1,0001-04-09 01:03:53
54801309,Server_28769,12,1,4,128743,1008,1,0001-04-30 05:53:18
12266565,Server_13634,12,0,12,1526,824,2,0001-07-18 15:53:15
29182466,Server_26851,4,1,4,8278,624,1,0001-02-08 02:55:28
43545145,Server_28769,12,1,7,16152,184,2,0001-02-04 05:02:27
37802151,Server_28736,9,1,8,43359,800,2,0001-04-18 03:49:44
30828230,Server_26851,5,1,12,30320,1016,2,0001-03-08 22:24:29
42737300,Server_28769,12,0,12,129478,624,1,0001-01-28 22:09:17
4943591,Server_7306,9,0,15,7875,776,2,0001-05-21 14:49:05
69189686,Server_28769,12,0,6,42583,768,2,0001-08-19 12:25:11
23178369,Server_21957,16,1,7,33437,528,1,0001-01-02 11:18:26
19333707,Server_17065,6,0,0,34176,96,1,0001-08-07 21:18:47
47215090,Server_28769,12,0,11,130192,560,2,0001-03-02 19:21:45
70199073,Server_28769,12,0,15,131040,280,1,0001-08-27 05:59:07
2078880,Server_3890,0,0,14,25628,216,1,0001-05-08 23:59:19
6053587,Server_7723,5,1,15,41835,0,2,0001-08-16 02:47:49
42545877,Server_28769,12,0,1,33593,352,2,0001-01-27 10:18:45
72636330,Server_29962,4,0,5,125401,392,2,0001-07-27 12:05:20
13430186,Server_14210,8,1,4,18187,520,2,0001-01-06 09:14:53
5727848,Server_7429,22,0,9,130971,456,1,0001-08-27 02:39:55
29427924,Server_26851,5,1,12,3267,752,1,0001-02-12 14:14:53
17132996,Server_17065,6,0,0,34176,96,1,0001-04-25 07:22:26
38249221,Server_28736,11,1,8,84759,744,2,0001-05-29 12:19:00
59155419,Server_28769,12,1,6,91633,280,2,0001-06-03 15:12:16
49930599,Server_28769,12,0,15,36732,280,2,0001-03-23 21:18:09
33755545,Server_28529,20,0,10,5342,720,1,0001-04-06 21:08:56
2992746,Server_4894,20,1,12,61560,16,2,0001-04-04 16:43:07
40251032,Server_28769,12,0,13,118422,40,2,0001-01-09 05:47:15
36032261,Server_28529,20,0,10,5342,720,1,0001-08-06 03:49:06
7410899,Server_8739,14,0,0,129415,984,1,0001-07-01 15:03:53
71354406,Server_29793,6,0,3,94919,592,2,0001-05-10 21:04:58
37733488,Server_28736,9,1,0,100062,896,2,0001-04-11 10:48:45
34831460,Server_28529,20,0,10,5342,720,1,0001-05-13 17:35:15
5061596,Server_7429,22,0,6,108734,640,1,0001-03-18 08:40:36
8874537,Server_11006,12,0,8,27445,664,1,0001-08-22 10:19:34
27311853,Server_26851,5,1,12,3522,696,1,0001-01-02 19:34:46
72405277,Server_29962,4,1,6,18668,8,2,0001-07-25 16:36:48
7036265,Server_8739,14,0,0,124848,344,1,0001-06-27 20:43:59
42125203,Server_28769,12,1,14,124372,712,2,0001-01-24 03:37:55
54059752,Server_28769,12,1,7,34144,280,2,0001-04-24 13:21:43
74490319,Server_29962,4,0,15,15570,840,2,0001-08-12 12:25:55
12351232,Server_13692,0,0,2,101567,1016,2,0001-03-23 16:35:43
53418261,Server_28769,12,1,3,38720,96,2,0001-04-19 15:17:40
25012774,Server_22933,5,1,9,128939,976,1,0001-08-17 11:37:31
6109503,Server_7763,10,1,4,1039,0,1,0001-07-09 05:04:22
27096975,Server_26750,19,0,6,123671,488,2,0001-02-12 01:25:20
52497608,Server_28769,12,1,8,15,176,1,0001-04-12 13:49:30
59309967,Server_28769,12,0,15,118354,664,2,0001-06-04 19:37:38
38914319,Server_28736,9,1,11,45345,440,2,0001-08-03 20:10:54
9928162,Server_12204,7,1,9,226,0,2,0001-03-18 15:29:31
13567597,Server_14210,8,1,4,88948,184,2,0001-01-10 21:00:13
67959863,Server_28769,12,1,3,109487,408,2,0001-08-10 02:21:09
37308193,Server_28736,10,1,11,63623,672,2,0001-03-03 09:58:21
43826648,Server_28769,12,1,12,44246,456,2,0001-02-06 09:43:40
18059443,Server_17065,6,0,0,34176,96,1,0001-06-11 15:27:34
13512277,Server_14210,8,1,4,96715,1016,2,0001-01-08 22:43:25
21607866,Server_19717,8,0,8,118543,704,2,0001-08-21 11:47:49
74200290,Server_29962,4,1,5,93993,136,2,0001-08-10 02:55:05
27038912,Server_26733,23,1,0,54777,488,2,0001-08-15 07:37:51
62703334,Server_28769,12,0,10,125881,712,1,0001-06-30 20:01:35
30541810,Server_26851,5,1,12,89847,1016,2,0001-03-03 06:42:38
37753514,Server_28736,8,1,8,84287,840,2,0001-04-13 08:49:48
48252458,Server_28769,12,1,12,11,360,1,0001-03-10 21:18:44
25948585,Server_24386,22,1,1,5114,368,1,0001-03-31 05:52:33
15305725,Server_15936,18,1,6,6992,696,1,0001-03-28 21:26:28
13469524,Server_14210,8,1,4,30931,840,2,0001-01-07 11:33:13
640545,Server_1150,18,0,10,61377,512,2,0001-03-07 13:56:01
62456834,Server_28769,12,0,13,36558,520,2,0001-06-28 22:40:51
12073157,Server_13634,12,0,1,64547,96,1,0001-07-17 00:44:52
69905567,Server_28769,12,1,12,15,184,1,0001-08-25 00:01:17
56048203,Server_28769,12,0,7,85210,136,2,0001-05-08 19:22:54
1179831,Server_2119,4,0,9,103041,400,1,0001-08-27 23:23:00
7825789,Server_8739,14,0,0,125943,1016,1,0001-07-06 23:53:10
17481317,Server_17065,6,0,0,34176,96,1,0001-05-08 05:17:49
15283685,Server_15936,18,1,6,6992,696,1,0001-03-18 12:16:19
33345255,Server_28529,20,0,10,5342,720,1,0001-02-13 15:43:16
44166729,Server_28769,12,1,9,3244,480,2,0001-02-09 01:14:21
21698127,Server_20083,17,0,14,11813,0,2,0001-02-09 13:51:53
35778294,Server_28529,20,0,10,5342,720,1,0001-07-05 10:17:01
34125300,Server_28529,20,0,10,5342,720,1,0001-04-18 11:08:17
42815976,Server_28769,12,1,13,126046,920,1,0001-01-29 12:50:07
65210287,Server_28769,12,0,5,73824,200,2,0001-07-19 00:57:36
71662151,Server_29962,4,1,5,107729,872,2,0001-07-20 10:36:20
20620903,Server_17924,14,0,8,104556,192,2,0001-01-13 02:23:05
58026275,Server_28769,12,1,13,116662,776,1,0001-05-23 23:24:32
54627829,Server_28769,12,0,15,131040,280,1,0001-04-28 21:57:23
31183990,Server_26851,5,1,12,9921,888,1,0001-03-16 01:24:25
46231050,Server_28769,12,0,13,35654,440,2,0001-02-25 03:28:51
57705388,Server_28769,12,1,12,65026,1000,2,0001-05-21 12:20:34
12349433,Server_13691,6,0,11,86960,96,2,0001-01-08 22:49:54
33427423,Server_28529,20,0,10,5342,720,1,0001-03-06 16:05:29
1516563,Server_2818,12,1,12,38682,112,1,0001-07-08 04:03:09
61283054,Server_28769,12,1,10,22367,280,2,0001-06-19 22:42:47
58568490,Server_28769,12,0,4,55817,864,1,0001-05-28 03:11:38
24248431,Server_22578,23,0,5,127847,104,2,0001-03-20 05:33:37
52017690,Server_28769,12,0,4,58787,536,2,0001-04-08 21:29:29
17339699,Server_17065,6,0,0,34176,96,1,0001-05-02 12:14:24
28094979,Server_26851,5,1,4,5328,560,1,0001-01-19 18:05:26
43276900,Server_28769,12,0,14,4064,968,2,0001-02-02 02:55:05
70354753,Server_28769,12,0,12,45377,632,2,0001-08-28 10:36:41
68662542,Server_28769,12,0,15,25723,416,1,0001-08-15 11:30:44
37126662,Server_28736,9,1,8,64975,800,2,0001-02-17 13:09:44
13481930,Server_14210,8,1,4,96164,968,2,0001-01-07 22:59:46
3909221,Server_5873,0,0,0,44901,1016,1,0001-06-27 20:33:00
67533129,Server_28769,12,1,9,128744,200,1,0001-08-06 19:54:58
37592316,Server_28736,9,0,0,15003,968,2,0001-03-29 12:20:49
18911098,Server_17065,6,0,0,34176,96,1,0001-07-17 04:32:00
33223738,Server_28529,20,0,10,5342,720,1,0001-02-04 05:38:14
31871120,Server_26990,9,0,2,9980,488,2,0001-06-24 12:28:47
70368202,Server_28769,12,1,12,15,184,1,0001-08-28 13:04:50
31165126,Server_26851,5,1,12,11763,1016,1,0001-03-15 16:29:34
1370824,Server_2690,12,0,14,118038,0,2,0001-04-13 23:27:06
15757766,Server_16447,9,0,0,78929,320,2,0001-05-03 04:16:33
38549150,Server_28736,9,1,8,32463,800,2,0001-06-29 13:42:22
25251782,Server_23277,12,0,7,13656,712,2,0001-01-24 20:21:51
71515450,Server_29962,4,0,1,75170,608,2,0001-07-19 01:00:25
69072598,Server_28769,12,1,12,55030,16,2,0001-08-18 14:53:29
3360618,Server_5253,18,1,13,76045,256,1,0001-04-27 13:56:13
66194499,Server_28769,12,0,11,128672,936,1,0001-07-26 13:53:42
32681867,Server_28117,12,1,15,30657,256,1,0001-03-24 14:48:05
64473906,Server_28769,12,0,15,131040,280,1,0001-07-13 09:34:38
23331421,Server_21957,16,1,7,33438,16,1,0001-01-04 08:43:32
67066691,Server_28769,12,1,12,15,176,1,0001-08-03 06:11:27
46292224,Server_28769,12,1,7,406,176,1,0001-02-25 14:52:19
41056666,Server_28769,12,1,13,53015,568,2,0001-01-15 16:18:33
20772657,Server_18345,14,1,7,114539,736,2,0001-06-30 23:05:13
62038575,Server_28769,12,0,6,123261,344,1,0001-06-25 17:43:27
20238737,Server_17441,17,1,4,35147,704,2,0001-02-27 02:41:46
74400818,Server_29962,4,1,11,50942,48,2,0001-08-11 19:12:43
52322715,Server_28769,12,0,15,131040,280,1,0001-04-11 05:37:43
26319085,Server_25533,4,0,0,20444,96,1,0001-02-21 01:30:00
35143804,Server_28529,20,0,10,5342,720,1,0001-06-05 21:09:08
54877772,Server_28769,12,0,15,131040,280,1,0001-04-30 19:57:45
15584644,Server_16216,20,1,13,10763,1008,2,0001-01-25 00:36:35
26492433,Server_25533,4,0,0,20444,96,1,0001-02-26 10:51:54
17619268,Server_17065,6,0,0,34176,96,1,0001-05-26 00:43:25
27885666,Server_26851,5,1,12,3267,760,1,0001-01-14 23:44:55
24465299,Server_22693,6,1,10,112160,120,1,0001-06-19 14:31:39
8768420,Server_10950,5,1,8,36564,1016,2,0001-06-27 06:33:21
8320088,Server_10132,2,0,12,87785,48,1,0001-02-04 01:14:18
3887821,Server_5828,2,0,3,71079,504,1,0001-06-22 10:07:47
69093172,Server_28769,12,1,0,76216,536,2,0001-08-18 18:40:14
9428896,Server_11531,2,1,12,100550,1016,2,0001-06-16 11:33:43
20031359,Server_17279,6,0,10,37941,184,1,0001-01-09 10:52:12
42418353,Server_28769,12,0,10,116656,800,1,0001-01-26 10:26:13
64472810,Server_28769,12,1,10,3,112,1,0001-07-13 09:22:33
13995689,Server_14320,0,0,12,129583,280,1,0001-06-29 13:07:51
36893706,Server_28736,9,1,0,30211,904,2,0001-01-27 21:52:39
46943900,Server_28769,12,1,12,112726,376,2,0001-02-30 16:45:00
965292,Server_1814,0,1,7,7340,256,2,0001-06-13 15:59:26
72728953,Server_29962,4,1,12,92223,840,2,0001-07-28 05:52:45
48886055,Server_28769,12,1,13,129474,176,1,0001-03-15 19:45:13
74431015,Server_29962,4,1,6,84480,968,2,0001-08-12 00:51:13
45998421,Server_28769,12,1,13,55480,408,2,0001-02-23 07:57:55
72946114,Server_29962,4,0,9,51141,920,2,0001-07-29 21:36:39
55395030,Server_28769,12,0,5,78283,216,2,0001-05-03 19:09:27
3071796,Server_4996,10,1,9,37981,504,1,0001-03-03 06:04:44
2023185,Server_3846,6,1,12,115756,8,2,0001-07-05 20:59:05
3283408,Server_5167,5,1,0,32519,1016,2,0001-05-28 23:15:30
36267682,Server_28695,1,1,12,7603,48,2,0001-05-14 19:38:46
58382879,Server_28769,12,0,15,131040,280,1,0001-05-26 17:02:07
29483393,Server_26851,5,1,12,4931,944,1,0001-02-13 14:43:45
40285140,Server_28769,12,0,15,129453,576,1,0001-01-09 12:17:50
6250445,Server_7941,18,1,0,34698,0,1,0001-08-24 05:02:46
50269651,Server_28769,12,1,6,112276,88,1,0001-03-26 11:42:19
63649211,Server_28769,12,1,14,62878,624,2,0001-07-07 01:58:29
23464354,Server_21957,16,1,7,33437,544,1,0001-01-05 23:48:46
59838222,Server_28769,12,0,7,129381,896,1,0001-06-08 20:49:48
22751608,Server_21723,2,0,6,63972,992,2,0001-03-11 06:09:58
17319096,Server_17065,6,0,0,34176,96,1,0001-05-01 20:23:01
11285568,Server_13634,12,0,13,51130,464,1,0001-07-10 03:31:13
36321107,Server_28695,1,1,12,1991,48,2,0001-08-11 21:33:04
17510476,Server_17065,6,0,0,34176,96,1,0001-05-22 06:33:07
39181876,Server_28736,11,1,11,75137,168,2,0001-08-29 13:08:05
22930675,Server_21827,18,0,0,3157,728,1,0001-08-14 01:56:45
46782715,Server_28769,12,0,12,78916,712,2,0001-02-29 10:34:20
33758910,Server_28529,20,0,10,5342,720,1,0001-04-06 22:25:19
27794903,Server_26851,11,1,13,62879,1000,2,0001-01-12 22:16:12
45908398,Server_28769,12,1,13,129474,192,1,0001-02-22 15:11:35
33414718,Server_28529,20,0,10,5342,720,1,0001-03-06 11:16:37
69878186,Server_28769,12,0,14,86657,688,2,0001-08-24 18:59:11
42672636,Server_28769,12,1,8,126454,544,1,0001-01-28 09:58:27
44419469,Server_28769,12,1,1,590,136,2,0001-02-11 00:32:23
65279409,Server_28769,12,1,12,15,176,1,0001-07-19 13:40:15
58754636,Server_28769,12,1,14,81126,760,2,0001-05-29 13:27:18
42181613,Server_28769,12,0,15,128391,440,1,0001-01-24 14:10:19
29483016,Server_26851,4,1,4,36614,664,1,0001-02-13 14:32:34
52528101,Server_28769,12,0,1,126042,112,1,0001-04-12 19:26:18
39100898,Server_28736,9,1,8,129759,952,2,0001-08-21 16:04:20
63026621,Server_28769,12,0,4,12,856,1,0001-07-02 07:28:47
61016603,Server_28769,12,1,11,123359,264,1,0001-06-17 21:40:40
15015386,Server_15415,2,0,11,78907,880,1,0001-06-09 16:21:22
12916430,Server_14201,12,1,7,25295,88,2,0001-07-17 05:12:43
61600944,Server_28769,12,0,13,85796,776,2,0001-06-22 09:12:24
67203780,Server_28769,12,0,15,131040,280,1,0001-08-04 07:22:56
18797262,Server_17065,6,0,0,34176,96,1,0001-07-12 06:39:44
25762974,Server_23932,4,1,1,126518,0,2,0001-08-27 04:35:55
10150984,Server_12652,0,0,15,64351,616,1,0001-01-12 22:26:31
2235785,Server_4265,13,0,10,106898,280,2,0001-04-01 04:58:02
37835973,Server_28736,9,1,8,94799,952,2,0001-04-21 05:18:02
24153034,Server_22481,4,0,6,72204,64,1,0001-04-08 09:52:47
27513766,Server_26851,5,1,12,3267,760,1,0001-01-06 22:09:51
72091554,Server_29962,4,1,14,116719,600,2,0001-07-23 11:06:23
38065262,Server_28736,9,1,8,4575,952,2,0001-05-12 12:16:53
53439998,Server_28769,12,0,1,126042,112,1,0001-04-19 19:17:24
49720390,Server_28769,12,0,15,131040,280,1,0001-03-22 06:36:41
9152262,Server_11054,22,1,4,3520,208,1,0001-04-17 11:32:20
22638577,Server_21592,20,0,12,128926,32,1,0001-07-07 19:22:00
10362096,Server_13219,13,0,15,83983,1016,2,0001-03-22 19:54:07
5010759,Server_7412,2,0,1,368,472,1,0001-06-24 22:29:55
19026158,Server_17065,6,0,0,34176,96,1,0001-07-22 05:31:50
33327802,Server_28529,20,0,10,5342,720,1,0001-02-13 09:06:10
61974704,Server_28769,12,0,10,112312,408,1,0001-06-25 05:58:29
6011668,Server_7686,23,1,3,129447,888,1,0001-08-08 15:46:13
49592576,Server_28769,12,0,5,88014,376,2,0001-03-21 07:05:52
4813118,Server_7265,19,1,8,58411,504,2,0001-01-13 20:23:47
32791076,Server_28237,20,0,15,16442,200,1,0001-01-16 22:14:25
7593294,Server_8739,14,0,0,125895,824,1,0001-07-03 23:41:32
28023112,Server_26851,5,1,12,39415,1016,2,0001-01-18 02:16:14
41261453,Server_28769,12,1,7,6832,792,2,0001-01-17 07:34:42
10425600,Server_13219,13,1,2,1405,720,1,0001-03-23 07:07:37
4900372,Server_7306,8,0,6,88596,264,2,0001-05-21 06:16:02
40418029,Server_28769,12,1,4,129358,424,1,0001-01-10 13:32:29
68817568,Server_28769,12,0,15,131040,280,1,0001-08-16 16:00:40
7364066,Server_8739,14,0,0,129423,376,1,0001-07-01 00:22:07
56783135,Server_28769,12,1,14,3,136,1,0001-05-14 10:37:14
4931210,Server_7306,8,1,15,128258,624,1,0001-05-21 12:23:44
10279496,Server_13219,13,1,12,1575,608,1,0001-03-22 04:17:58
54138691,Server_28769,12,0,11,131040,280,1,0001-04-25 03:54:17
7332194,Server_8739,14,0,0,124345,568,1,0001-06-31 14:31:41
57465067,Server_28769,12,1,14,81047,40,2,0001-05-19 16:06:36
10603052,Server_13219,13,0,0,16017,296,1,0001-03-24 14:51:18
57186664,Server_28769,12,0,15,131040,280,1,0001-05-17 12:53:42
3292170,Server_5172,18,1,0,32722,0,2,0001-08-13 11:59:40
33138565,Server_28529,20,0,10,5342,720,1,0001-02-02 21:18:03
74623291,Server_29962,4,1,12,43969,360,2,0001-08-13 17:00:24
48988677,Server_28769,12,1,13,125065,904,2,0001-03-16 14:56:49
3266609,Server_5161,15,1,11,92078,0,2,0001-07-15 09:58:44
66132104,Server_28769,12,0,11,131040,280,1,0001-07-26 02:25:48
27099514,Server_26750,19,0,6,58423,488,2,0001-02-14 18:01:47
45859935,Server_28769,12,0,14,44894,40,2,0001-02-22 06:07:13
1233544,Server_2372,6,1,5,6906,40,1,0001-05-12 05:12:24
73610679,Server_29962,4,1,6,123968,808,2,0001-08-05 09:45:14
16375217,Server_17065,6,0,0,34176,96,1,0001-03-18 18:36:57
10320576,Server_13219,13,1,7,40571,504,2,0001-03-22 12:20:26
52806084,Server_28769,12,1,12,69917,872,2,0001-04-14 22:36:37
68272601,Server_28769,12,0,15,131040,280,1,0001-08-12 11:49:40
75110754,Server_30137,8,1,4,87034,0,2,0001-02-28 04:38:39
25360677,Server_23277,12,0,5,120886,264,1,0001-01-25 03:26:22
35243800,Server_28529,20,0,10,5342,720,1,0001-06-11 12:21:59
23325184,Server_21957,16,1,7,33438,16,1,0001-01-04 06:57:01
5397834,Server_7429,22,0,2,66917,328,1,0001-07-19 01:01:56
20317311,Server_17441,17,1,4,34816,704,2,0001-04-13 02:07:52
41363296,Server_28769,12,0,11,129453,584,1,0001-01-18 02:59:41
73294224,Server_29962,4,0,1,32492,264,2,0001-08-02 17:22:31
18316623,Server_17065,6,0,0,34176,96,1,0001-06-22 15:11:54
28703449,Server_26851,5,1,4,21155,1016,2,0001-01-30 17:53:29
23622698,Server_21957,16,1,7,98912,664,1,0001-01-07 22:25:38
10516130,Server_13219,13,0,14,105478,680,2,0001-03-23 23:09:04
13596190,Server_14210,8,1,4,88072,376,2,0001-01-11 20:14:02
6323393,Server_8178,20,1,9,74472,688,1,0001-04-29 23:31:00
11362029,Server_13634,12,0,13,31990,624,2,0001-07-10 21:37:19
19004934,Server_17065,6,0,0,34176,96,1,0001-07-21 06:42:02
2011642,Server_3822,8,1,10,31026,1016,2,0001-08-30 08:43:40
39559502,Server_28769,12,0,10,50438,184,2,0001-01-03 18:27:24
75136133,Server_30203,6,0,3,116963,0,2,0001-04-02 21:30:31
19991230,Server_17079,4,0,8,10786,712,2,0001-08-10 14:29:26
64683456,Server_28769,12,0,0,62389,136,2,0001-07-15 00:05:42
1909990,Server_3694,22,1,9,4389,96,1,0001-06-05 11:59:46
10298256,Server_13219,13,1,9,17964,152,2,0001-03-22 08:06:49
9927096,Server_12202,12,1,9,123281,1016,2,0001-01-04 04:04:42
29576449,Server_26851,4,1,12,3509,656,1,0001-02-15 06:32:07
39349013,Server_28769,12,1,5,94155,632,2,0001-01-02 02:35:38
33184273,Server_28529,20,0,10,5342,720,1,0001-02-03 14:39:15
9248178,Server_11090,18,0,2,4644,120,1,0001-03-15 01:01:04
5131652,Server_7429,22,0,14,76631,696,1,0001-05-13 14:39:35
40163998,Server_28769,12,0,4,26068,344,2,0001-01-08 13:14:29
44001314,Server_28769,12,1,4,92788,152,2,0001-02-07 18:21:26
65123261,Server_28769,12,0,9,118564,832,2,0001-07-18 08:57:37
18317944,Server_17065,6,0,0,34176,96,1,0001-06-22 15:58:10
70561053,Server_28769,12,0,15,131040,280,1,0001-08-30 00:32:24
52618632,Server_28769,12,0,10,12940,688,2,0001-04-13 12:06:14
20468812,Server_17441,17,1,4,46684,664,2,0001-07-23 00:00:50
52661031,Server_28769,12,0,1,126042,112,1,0001-04-13 19:54:47
14121323,Server_14491,0,0,1,7375,928,2,0001-08-10 09:46:12
35621695,Server_28529,20,0,10,5342,720,1,0001-06-31 14:32:26
75106461,Server_30130,0,1,15,114851,0,2,0001-01-24 12:32:06
54984893,Server_28769,12,0,12,56941,600,2,0001-04-31 15:40:52
70470608,Server_28769,12,0,14,30392,800,2,0001-08-29 07:54:33
12333930,Server_13669,6,0,7,52847,0,1,0001-05-29 03:23:54
2789257,Server_4666,20,1,3,60848,304,2,0001-05-22 00:14:09
4122433,Server_6442,12,0,11,57463,120,2,0001-03-29 07:57:01
5855690,Server_7599,14,1,6,80874,0,2,0001-04-01 07:42:30
60833115,Server_28769,12,0,8,129357,912,1,0001-06-16 11:55:04
71180584,Server_29760,16,1,5,124760,944,1,0001-02-21 17:47:45
31964304,Server_27073,18,0,6,33735,16,2,0001-02-07 23:24:13
50615329,Server_28769,12,1,7,75157,472,2,0001-03-29 03:21:14
16284373,Server_17065,6,0,0,34176,96,1,0001-03-14 06:03:44
3674560,Server_5422,12,0,2,29535,744,2,0001-04-28 08:44:27
68493513,Server_28769,12,0,2,126123,856,2,0001-08-14 04:25:47
29677439,Server_26851,11,1,13,41311,1000,2,0001-02-17 03:33:24
47477396,Server_28769,12,0,2,122318,160,1,0001-03-04 20:29:52
64045714,Server_28769,12,1,12,15,184,1,0001-07-10 02:52:00
64590581,Server_28769,12,0,0,99295,840,2,0001-07-14 07:00:51
51024196,Server_28769,12,0,15,131040,280,1,0001-04-01 06:36:24
42877457,Server_28769,12,1,12,11,360,1,0001-01-30 00:16:01
26764534,Server_26012,4,0,0,78951,280,1,0001-01-17 00:56:44
15947619,Server_16947,14,1,5,58418,360,2,0001-05-11 12:34:32
63306819,Server_28769,12,1,10,109879,96,2,0001-07-04 11:00:33
33943652,Server_28529,20,0,10,5342,720,1,0001-04-11 22:45:51
33118310,Server_28529,20,0,10,5342,720,1,0001-02-02 13:37:42
11349076,Server_13634,12,0,14,15486,736,2,0001-07-10 18:37:02
71816937,Server_29962,4,1,12,125039,776,2,0001-07-21 13:03:42
17622970,Server_17065,6,0,0,34176,96,1,0001-05-26 02:07:24
12455182,Server_13722,0,0,5,42021,1016,2,0001-04-15 00:57:26
2492322,Server_4621,20,0,7,56485,688,2,0001-04-07 15:05:32
65771890,Server_28769,12,0,1,129229,560,1,0001-07-23 08:13:06
60392509,Server_28769,12,1,12,15,176,1,0001-06-13 02:49:16
30392185,Server_26851,5,1,4,117011,1016,2,0001-02-30 10:44:43
35805213,Server_28529,20,0,10,5342,720,1,0001-07-05 20:21:55
35570917,Server_28529,20,0,10,5342,720,1,0001-06-26 22:17:11
48995113,Server_28769,12,0,11,129453,576,1,0001-03-16 16:08:16
21412157,Server_19445,0,1,5,128397,0,2,0001-01-15 16:41:11
27084054,Server_26750,19,0,14,129911,488,2,0001-01-30 08:31:41
35214714,Server_28529,20,0,10,5342,720,1,0001-06-11 01:21:43
60381157,Server_28769,12,0,5,26923,336,2,0001-06-13 00:43:55
70883704,Server_28985,4,1,10,82225,560,1,0001-01-31 23:57:18
289728,Server_644,20,1,3,90639,872,1,0001-07-17 13:43:15
63350877,Server_28769,12,1,13,128705,592,1,0001-07-04 19:06:51
49941969,Server_28769,12,1,8,130548,624,1,0001-03-23 23:23:50
50525230,Server_28769,12,0,15,131044,448,1,0001-03-28 10:46:03
61095515,Server_28769,12,1,1,96430,104,2,0001-06-18 12:12:09
14771020,Server_15250,12,1,10,68512,0,2,0001-06-01 18:59:06
34141037,Server_28529,20,0,10,5342,720,1,0001-04-18 17:06:53
24367784,Server_22693,6,1,10,112264,792,1,0001-02-07 10:48:03
45196475,Server_28769,12,1,7,16620,488,2,0001-02-17 02:06:16
9778829,Server_11852,0,1,0,78131,0,2,0001-05-18 16:18:25
10663060,Server_13413,10,0,0,115483,1016,2,0001-06-30 21:57:19
2064863,Server_3890,0,0,14,25628,216,1,0001-04-19 19:31:21
9753321,Server_11822,1,1,1,9053,0,1,0001-03-25 03:53:57
48934744,Server_28769,12,0,14,66902,616,2,0001-03-16 04:50:32
21254209,Server_19178,8,1,12,86648,0,2,0001-04-19 05:47:43
784725,Server_1402,10,0,3,34630,800,2,0001-08-10 04:59:22
41259897,Server_28769,12,0,7,6862,488,2,0001-01-17 07:12:41
55648918,Server_28769,12,0,1,118423,632,1,0001-05-05 17:52:09
10601170,Server_13219,13,1,14,59776,616,2,0001-03-24 14:30:30
10394189,Server_13219,13,1,14,114614,168,2,0001-03-23 01:34:49
28916430,Server_26851,4,1,12,11075,656,1,0001-02-03 10:03:17
59953215,Server_28769,12,0,1,123383,592,1,0001-06-09 17:59:00
61866514,Server_28769,12,1,4,92109,248,2,0001-06-24 10:03:49
61823649,Server_28769,12,0,4,46078,168,2,0001-06-24 02:10:26
16413213,Server_17065,6,0,0,34176,96,1,0001-03-21 05:23:25
68489997,Server_28769,12,1,12,129508,600,1,0001-08-14 03:47:04
62358223,Server_28769,12,1,8,65838,632,2,0001-06-28 04:32:10
8888372,Server_11006,12,0,8,10037,936,1,0001-08-22 14:06:09
9831199,Server_12101,8,0,3,127108,0,2,0001-02-21 15:01:11
31121287,Server_26851,5,1,12,30199,1016,2,0001-03-14 19:20:09
5899254,Server_7640,8,0,3,85057,1016,2,0001-05-16 15:40:18
21702287,Server_20086,19,0,10,95461,1016,2,0001-08-04 09:03:06
41355902,Server_28769,12,0,10,3,960,1,0001-01-18 01:36:12
39049877,Server_28736,9,1,11,118175,440,2,0001-08-16 17:54:53
53928582,Server_28769,12,0,13,30014,776,2,0001-04-23 13:12:54
17945007,Server_17065,6,0,0,34176,96,1,0001-06-08 03:48:01
38282994,Server_28736,9,0,0,35800,816,2,0001-06-04 03:20:16
20919787,Server_18606,2,0,7,94595,496,1,0001-06-27 14:53:44
21961770,Server_20553,13,1,3,28028,0,2,0001-02-12 01:41:12
60904665,Server_28769,12,0,15,32700,296,2,0001-06-17 01:04:52
8448288,Server_10330,5,1,15,1331,216,1,0001-03-27 08:45:58
26468631,Server_25533,4,0,0,20444,96,1,0001-02-25 19:10:53
50917577,Server_28769,12,1,7,119291,232,2,0001-03-31 10:59:02
73781959,Server_29962,4,0,1,30771,0,2,0001-08-06 16:40:16
52909123,Server_28769,12,1,8,15,184,1,0001-04-15 17:34:23
28080632,Server_26851,4,1,12,3509,688,1,0001-01-19 10:14:12
40295265,Server_28769,12,1,12,11,360,1,0001-01-09 14:14:09
16085850,Server_17065,6,0,0,34176,96,1,0001-03-03 22:06:26
52592829,Server_28769,12,0,5,116250,864,2,0001-04-13 07:21:22
58104873,Server_28769,12,0,4,77284,584,2,0001-05-24 13:52:50
35420556,Server_28529,20,0,10,5342,720,1,0001-06-22 19:16:14
42225029,Server_28769,12,0,4,97628,952,2,0001-01-24 22:22:39
31988227,Server_27113,12,1,9,104063,752,2,0001-08-02 02:43:09
25517445,Server_23538,22,1,1,26550,992,1,0001-01-04 11:02:20
73405090,Server_29962,4,1,6,21564,488,2,0001-08-03 15:46:57
49515220,Server_28769,12,0,3,131042,448,1,0001-03-20 16:51:46
48816340,Server_28769,12,1,12,77597,680,2,0001-03-15 06:47:03
42477466,Server_28769,12,1,8,116659,952,1,0001-01-26 21:32:04
44609275,Server_28769,12,1,12,15,176,1,0001-02-12 11:57:33
12480695,Server_13722,0,0,5,44161,1016,1,0001-05-12 21:42:22
12311064,Server_13634,12,0,15,21487,520,1,0001-07-19 00:42:30
30437686,Server_26851,5,1,12,87717,792,2,0001-03-01 07:27:16
2999570,Server_4905,14,1,2,4527,0,2,0001-07-12 06:35:54
18707038,Server_17065,6,0,0,34176,96,1,0001-07-07 18:49:05
29349463,Server_26851,5,1,4,11187,1008,1,0001-02-11 03:34:41
37345541,Server_28736,9,1,0,48282,296,2,0001-03-07 02:04:28
22048117,Server_20802,6,0,8,80560,0,2,0001-04-27 09:59:54
44678626,Server_28769,12,1,6,6211,184,2,0001-02-13 00:57:44
32060308,Server_27171,0,0,0,82837,0,2,0001-08-17 20:29:19
8379343,Server_10330,5,1,15,1112,216,1,0001-01-24 19:31:56
29292586,Server_26851,9,1,5,66991,1016,2,0001-02-10 02:37:06
55164158,Server_28769,12,1,8,33779,344,1,0001-05-02 00:40:14
53763688,Server_28769,12,0,6,125439,664,2,0001-04-22 06:52:09
35253853,Server_28529,20,0,10,5342,720,1,0001-06-11 16:10:14
11103072,Server_13634,12,0,0,102145,472,1,0001-07-08 09:08:31
59100518,Server_28769,12,0,7,37604,712,2,0001-06-03 05:06:25
28878092,Server_26851,5,1,12,80742,920,1,0001-02-02 18:37:13
10558977,Server_13219,13,0,10,2123,960,1,0001-03-24 06:49:15
73852054,Server_29962,4,0,5,110455,760,2,0001-08-07 06:57:12
18500886,Server_17065,6,0,0,34176,96,1,0001-06-30 19:30:30
22566453,Server_21592,20,0,12,128926,32,1,0001-06-24 06:41:34
8875019,Server_11006,12,0,9,29175,1016,2,0001-08-22 10:25:57
63683305,Server_28769,12,1,9,129474,176,1,0001-07-07 08:14:22
69446489,Server_28769,12,1,14,3,80,1,0001-08-21 11:37:15
4533546,Server_6941,10,0,8,123225,0,1,0001-02-30 12:54:32
67040314,Server_28769,12,1,14,3,120,1,0001-08-03 01:20:37
775451,Server_1365,22,0,11,61600,512,1,0001-01-24 06:01:05
62659569,Server_28769,12,1,14,3,80,1,0001-06-30 11:58:26
37623751,Server_28736,9,0,8,14814,120,2,0001-04-01 10:48:29
44953170,Server_28769,12,0,5,131054,672,1,0001-02-15 04:30:53
31089828,Server_26851,4,1,12,39745,856,1,0001-03-14 03:59:06
29682195,Server_26851,4,1,4,17266,760,1,0001-02-17 06:01:49
51416990,Server_28769,12,0,6,128746,40,1,0001-04-04 06:55:02
19681857,Server_17065,6,0,0,34176,96,1,0001-08-22 05:01:19
28036946,Server_26851,5,1,12,3522,952,1,0001-01-18 09:30:12
22777125,Server_21738,20,1,12,93940,392,2,0001-06-22 01:15:13
20309216,Server_17441,17,1,4,35072,704,2,0001-04-08 04:42:35
2170409,Server_4203,4,0,14,75222,232,1,0001-03-19 23:39:24
40092264,Server_28769,12,0,7,129483,320,1,0001-01-07 23:36:32
26431659,Server_25533,4,0,0,20444,96,1,0001-02-24 15:43:50
63517819,Server_28769,12,1,13,128705,592,1,0001-07-06 01:49:04
23912784,Server_22323,8,1,7,30293,0,1,0001-06-02 13:20:01
33057266,Server_28529,20,0,10,5342,720,1,0001-02-01 14:27:03
2667958,Server_4664,18,0,14,70735,856,1,0001-04-12 08:24:51
14970122,Server_15382,17,1,5,129477,648,1,0001-05-02 07:40:22
52434665,Server_28769,12,1,6,90061,920,2,0001-04-12 02:14:27
42509865,Server_28769,12,0,14,127133,8,2,0001-01-27 03:34:00
8511831,Server_10330,5,1,15,1284,216,1,0001-04-26 19:29:48
28400184,Server_26851,9,1,5,93351,1016,2,0001-01-25 12:19:01
7886549,Server_8739,14,0,0,128614,632,1,0001-07-07 19:00:19
24929690,Server_22904,7,0,15,5961,304,1,0001-08-03 23:18:41
12713334,Server_13918,6,0,4,50475,976,1,0001-05-26 04:03:52
6261090,Server_7961,22,1,0,116343,8,2,0001-08-06 18:44:14
34155830,Server_28529,20,0,10,5342,720,1,0001-04-18 22:43:21
69838080,Server_28769,12,0,0,14,776,1,0001-08-24 11:37:05
20155473,Server_17441,17,1,4,35243,704,2,0001-01-07 05:17:04
9565488,Server_11713,6,0,8,73575,600,2,0001-05-05 15:19:31
6887036,Server_8739,14,0,0,129419,24,1,0001-06-26 01:28:05
28387532,Server_26851,9,1,4,4783,504,2,0001-01-25 07:06:09
25238217,Server_23277,12,0,8,8720,136,2,0001-01-24 19:32:19
34838858,Server_28529,20,0,10,5342,720,1,0001-05-13 20:22:42
30985797,Server_26851,5,1,12,82391,1016,2,0001-03-12 01:35:35
13310180,Server_14201,12,0,6,26809,344,2,0001-07-20 05:02:08
64515770,Server_28769,12,1,15,25511,960,2,0001-07-13 17:16:07
2923243,Server_4806,14,1,2,126401,1016,2,0001-06-29 02:46:24
36921144,Server_28736,9,1,8,110817,952,2,0001-01-30 01:42:35
37511127,Server_28736,8,1,8,82560,328,2,0001-03-21 20:24:40
3779011,Server_5484,2,0,15,6989,552,1,0001-06-28 13:14:15
31990705,Server_27121,16,0,9,5804,1016,2,0001-03-14 10:51:24
72046737,Server_29962,4,0,14,73130,344,2,0001-07-23 03:04:07
36855175,Server_28736,9,1,8,112447,952,2,0001-01-24 04:56:49
24157220,Server_22482,19,0,13,125395,0,2,0001-01-01 20:01:44
28527931,Server_26851,4,1,12,8355,912,1,0001-01-27 17:10:37
46394409,Server_28769,12,1,11,72998,416,2,0001-02-26 09:58:53
34439489,Server_28529,20,0,10,5342,720,1,0001-04-27 12:35:43
14477030,Server_14855,2,0,12,56825,1000,2,0001-02-14 21:04:39
30948622,Server_26851,9,1,4,21132,504,2,0001-03-11 07:32:51
55080131,Server_28769,12,1,12,33779,344,1,0001-05-01 09:12:11
52052652,Server_28769,12,0,11,131040,688,1,0001-04-09 03:55:37
24153235,Server_22481,4,0,6,70613,40,1,0001-04-08 19:17:53
30028211,Server_26851,5,1,12,11281,760,1,0001-02-23 15:05:34
40038509,Server_28769,12,0,8,25434,96,2,0001-01-07 13:24:51
13470454,Server_14210,8,1,4,82119,1016,2,0001-01-07 20:37:04
48562051,Server_28769,12,1,12,11,360,1,0001-03-13 07:14:22
2218683,Server_4211,16,0,15,27813,144,1,0001-01-25 15:39:22
46809724,Server_28769,12,1,13,106531,616,2,0001-02-29 15:40:36
19745144,Server_17065,6,0,0,34176,96,1,0001-08-24 11:02:02
36792857,Server_28736,8,1,11,124101,592,1,0001-01-18 12:31:30
11802156,Server_13634,12,0,7,11902,904,2,0001-07-14 17:45:03
37363388,Server_28736,11,0,11,83655,616,2,0001-03-08 07:43:11
31323314,Server_26851,4,1,12,3509,664,1,0001-03-18 22:55:57
51472702,Server_28769,12,0,8,29670,24,2,0001-04-04 17:10:05
69522106,Server_28769,12,0,15,131040,280,1,0001-08-22 01:31:07
26071926,Server_24622,6,1,7,38826,800,2,0001-08-08 19:13:23
9042010,Server_11054,22,1,4,17999,984,2,0001-04-16 08:57:31
1013304,Server_1841,0,1,5,19846,8,2,0001-03-08 18:36:57
11828699,Server_13634,12,0,5,41837,640,2,0001-07-14 23:06:29
17091113,Server_17065,6,0,0,34176,96,1,0001-04-23 17:58:15
48080220,Server_28769,12,0,12,103800,112,2,0001-03-09 13:08:09
64899525,Server_28769,12,1,4,21230,32,2,0001-07-16 15:49:15
40129564,Server_28769,12,0,13,121850,552,2,0001-01-08 06:42:00
45618696,Server_28769,12,1,6,118669,728,1,0001-02-20 09:02:53
50055080,Server_28769,12,1,14,3,128,1,0001-03-24 20:12:51
55195740,Server_28769,12,0,14,5598,360,2,0001-05-02 06:28:50
8080679,Server_9080,19,0,2,86839,384,1,0001-04-08 10:47:27
71525559,Server_29962,4,1,7,93385,808,2,0001-07-19 04:08:45
39249772,Server_28769,12,1,12,15,176,1,0001-01-01 07:44:01
17607993,Server_17065,6,0,0,34176,96,1,0001-05-25 13:04:53
49436770,Server_28769,12,1,5,58588,504,2,0001-03-20 02:25:44
46597801,Server_28769,12,1,5,17717,392,2,0001-02-28 00:03:03
15559149,Server_16213,16,0,6,58681,672,1,0001-04-09 18:56:37
34425808,Server_28529,20,0,10,5342,720,1,0001-04-27 07:23:42
1853981,Server_3694,22,1,9,4173,96,1,0001-06-01 23:18:34
30347473,Server_26851,5,1,12,11766,792,1,0001-02-29 14:25:58
57643066,Server_28769,12,0,14,131058,1016,2,0001-05-21 00:52:23
65836883,Server_28769,12,0,15,131040,280,1,0001-07-23 20:10:02
41399051,Server_28769,12,0,11,129317,848,1,0001-01-18 09:57:18
55836830,Server_28769,12,0,14,180,248,2,0001-05-07 04:28:16
12024723,Server_13634,12,0,9,39124,896,1,0001-07-16 15:00:04
54493209,Server_28769,12,1,8,33779,344,1,0001-04-27 21:10:47
49670705,Server_28769,12,1,12,11,360,1,0001-03-21 21:28:20
49095308,Server_28769,12,0,5,104096,184,2,0001-03-17 10:57:30
59700725,Server_28769,12,1,6,120760,224,2,0001-06-07 19:31:46
70206297,Server_28769,12,0,0,11,736,1,0001-08-27 07:18:40
68160248,Server_28769,12,0,15,131040,280,1,0001-08-11 15:11:11
26596094,Server_25537,14,0,7,130916,288,1,0001-08-09 23:49:48
49532614,Server_28769,12,1,6,112276,88,1,0001-03-20 20:03:57
57048904,Server_28769,12,0,6,51766,680,2,0001-05-16 11:32:33
43085111,Server_28769,12,1,12,11,360,1,0001-01-31 15:06:26
50691657,Server_28769,12,1,6,21141,184,2,0001-03-29 17:23:52
7679157,Server_8739,14,0,0,129199,888,1,0001-07-05 02:16:41
75095660,Server_30091,14,0,2,58991,1016,2,0001-03-19 18:12:54
32350018,Server_27869,10,1,1,64068,952,1,0001-08-24 08:50:35
69566442,Server_28769,12,0,9,32113,168,2,0001-08-22 09:40:07
49624456,Server_28769,12,1,5,119943,520,2,0001-03-21 12:57:49
69216669,Server_28769,12,0,15,131040,280,1,0001-08-19 17:22:51
18348991,Server_17065,6,0,0,34176,96,1,0001-06-24 06:19:05
25688525,Server_23860,8,1,6,85563,304,2,0001-07-02 13:45:23
19413275,Server_17065,6,0,0,34176,96,1,0001-08-10 14:52:06
71147086,Server_29760,16,1,5,3867,824,2,0001-02-21 15:47:12
7771101,Server_8739,14,0,0,125597,568,1,0001-07-06 06:40:17
6479600,Server_8306,8,0,8,88193,1016,1,0001-03-15 22:40:21
29731042,Server_26851,11,1,13,29215,1000,2,0001-02-18 02:51:48
43226688,Server_28769,12,0,1,80988,720,2,0001-02-01 17:32:58
49563169,Server_28769,12,1,6,112276,88,1,0001-03-21 01:41:12
56465341,Server_28769,12,0,11,131040,280,1,0001-05-12 00:08:21
34292140,Server_28529,20,0,10,5342,720,1,0001-04-21 02:22:34
34823705,Server_28529,20,0,10,5342,720,1,0001-05-13 14:39:12
57039827,Server_28769,12,1,5,41535,120,2,0001-05-16 09:52:20
56306285,Server_28769,12,1,12,123249,88,1,0001-05-10 18:52:51
22676035,Server_21601,13,1,12,115276,0,2,0001-05-02 06:14:25
72078066,Server_29962,4,1,6,101087,480,2,0001-07-23 08:34:23
35838899,Server_28529,20,0,10,5342,720,1,0001-07-22 05:18:37
59623275,Server_28769,12,0,15,41427,632,2,0001-06-07 05:16:42
57446875,Server_28769,12,0,12,120541,672,1,0001-05-19 12:46:01
25848907,Server_24386,22,1,4,4976,216,1,0001-03-29 22:50:09
12602988,Server_13722,0,0,5,47956,1016,1,0001-08-22 02:59:10
58824273,Server_28769,12,1,11,17627,936,2,0001-06-01 02:16:04
67494857,Server_28769,12,0,0,11,736,1,0001-08-06 12:52:44
15939484,Server_16909,4,0,5,128940,712,2,0001-07-23 07:36:01
5580226,Server_7429,22,0,13,96407,784,1,0001-08-10 23:41:37
8598962,Server_10330,5,1,15,1065,216,1,0001-08-22 03:07:53
42123366,Server_28769,12,0,7,122212,864,1,0001-01-24 03:21:40
6378379,Server_8211,12,0,15,49772,200,2,0001-01-17 23:22:54
7506646,Server_8739,14,0,0,131041,248,1,0001-07-02 20:31:06
25934870,Server_24386,22,1,1,4976,400,1,0001-03-31 03:46:12
45865746,Server_28769,12,1,9,129474,200,1,0001-02-22 07:11:33
29679342,Server_26851,11,1,5,96539,232,2,0001-02-17 04:21:59
71428959,Server_29962,4,0,7,62814,936,2,0001-07-17 23:22:22
23289154,Server_21957,16,1,7,32950,936,1,0001-01-03 20:06:49
19374845,Server_17065,6,0,0,34176,96,1,0001-08-08 23:49:50
51627005,Server_28769,12,0,15,131040,280,1,0001-04-05 21:34:16
10925005,Server_13634,12,0,0,128349,696,1,0001-07-06 18:06:34
28772718,Server_26851,5,1,12,77863,1016,2,0001-01-31 22:29:24
29687021,Server_26851,5,1,12,11287,1016,1,0001-02-17 08:21:08
4412240,Server_6878,5,0,11,130032,32,1,0001-04-15 12:10:45
24039503,Server_22431,8,0,6,86946,336,1,0001-01-24 07:06:24
14140834,Server_14514,12,1,8,116049,1016,2,0001-07-11 18:26:57
562079,Server_1040,6,1,12,1889,720,1,0001-06-04 14:50:07
641234,Server_1150,18,0,10,58708,512,2,0001-03-07 14:03:42
3824619,Server_5638,20,0,1,87773,448,1,0001-06-21 19:45:00
16478682,Server_17065,6,0,0,34176,96,1,0001-03-24 23:32:10
35479560,Server_28529,20,0,10,5342,720,1,0001-06-23 17:35:40
47725942,Server_28769,12,0,15,286,984,2,0001-03-06 18:55:23
63607590,Server_28769,12,0,4,23618,392,2,0001-07-06 18:19:45
13997323,Server_14322,12,0,14,69951,0,1,0001-02-30 01:21:21
27045188,Server_26738,13,1,1,36893,984,2,0001-08-27 10:44:31
11601442,Server_13634,12,0,12,19357,80,1,0001-07-13 01:25:55
40737851,Server_28769,12,0,6,108973,184,2,0001-01-13 02:54:07
15410851,Server_16060,20,0,6,9248,40,1,0001-01-25 07:27:56
50784473,Server_28769,12,0,11,131040,280,1,0001-03-30 10:29:14
13175164,Server_14201,12,1,5,20135,576,2,0001-07-19 03:32:38
49344918,Server_28769,12,1,8,15,184,1,0001-03-19 09:32:01
58894111,Server_28769,12,0,15,131040,280,1,0001-06-01 15:07:23
63747808,Server_28769,12,1,1,33389,536,2,0001-07-07 20:06:04
27320782,Server_26851,4,1,4,1333,728,1,0001-01-02 23:50:08
48766188,Server_28769,12,1,12,27111,632,2,0001-03-14 21:22:42
13683779,Server_14210,8,1,4,25747,1016,2,0001-01-14 08:27:13
35775580,Server_28529,20,0,10,5342,720,1,0001-07-05 09:15:46
68487581,Server_28769,12,1,13,128744,200,1,0001-08-14 03:20:26
18610405,Server_17065,6,0,0,34176,96,1,0001-07-04 11:23:01
57604274,Server_28769,12,1,12,33779,264,1,0001-05-20 17:44:12
50371338,Server_28769,12,0,12,91727,904,2,0001-03-27 06:25:49
30142730,Server_26851,5,1,4,11251,1008,1,0001-02-25 18:19:40
59807954,Server_28769,12,1,4,118565,848,1,0001-06-08 15:15:40
59765600,Server_28769,12,0,15,55894,584,2,0001-06-08 07:28:30
12423452,Server_13722,0,0,5,48021,1016,1,0001-03-16 13:49:58
29177835,Server_26851,9,1,5,20697,1016,2,0001-02-08 01:02:02
70949968,Server_29024,10,0,2,12532,776,1,0001-08-08 01:56:00
49625655,Server_28769,12,1,12,122377,840,2,0001-03-21 13:11:07
71362312,Server_29812,6,1,11,129078,1016,2,0001-07-06 14:40:30
3277375,Server_5163,4,1,4,62404,488,2,0001-03-02 18:13:16
62921736,Server_28769,12,1,14,111353,144,2,0001-07-01 12:12:11
40121863,Server_28769,12,0,2,128685,784,1,0001-01-08 05:15:43
18042923,Server_17065,6,0,0,34176,96,1,0001-06-11 05:28:43
12201108,Server_13634,12,0,9,16694,112,1,0001-07-18 02:45:07
42771690,Server_28769,12,0,12,7373,632,2,0001-01-29 04:30:22
54935863,Server_28769,12,0,6,6562,704,2,0001-04-31 06:39:21
36961376,Server_28736,9,1,11,57314,952,2,0001-02-02 20:21:18
42129382,Server_28769,12,0,0,64616,1016,1,0001-01-24 04:28:12
44825412,Server_28769,12,0,4,27688,184,2,0001-02-14 04:32:16
29526367,Server_26851,5,1,4,40516,528,1,0001-02-14 09:27:35
41695171,Server_28769,12,1,11,113397,952,1,0001-01-20 18:42:33
19603178,Server_17065,6,0,0,34176,96,1,0001-08-19 00:33:59
20406543,Server_17441,17,1,4,46528,664,2,0001-06-06 00:40:47
67385632,Server_28769,12,1,3,51439,40,2,0001-08-05 16:48:21
54090257,Server_28769,12,0,4,11,736,1,0001-04-24 18:59:08
72197965,Server_29962,4,1,5,83440,88,2,0001-07-24 05:15:26
6505237,Server_8349,18,0,4,125737,688,1,0001-01-12 18:16:42
58713171,Server_28769,12,0,15,131040,280,1,0001-05-29 05:49:28
52935932,Server_28769,12,0,11,131040,280,1,0001-04-15 22:30:36
55317442,Server_28769,12,0,1,129284,792,1,0001-05-03 04:52:36
17481226,Server_17065,6,0,0,34176,96,1,0001-05-08 05:15:43
64997187,Server_28769,12,0,15,131040,280,1,0001-07-17 09:46:33
61875598,Server_28769,12,1,10,3,112,1,0001-06-24 11:44:16
44653482,Server_28769,12,1,7,110137,680,2,0001-02-12 20:16:19
35444669,Server_28529,20,0,10,5342,720,1,0001-06-23 04:24:04
31535190,Server_26851,9,1,12,56042,504,2,0001-03-23 03:26:09
2218172,Server_4211,16,0,15,27813,704,1,0001-01-24 21:10:33
38589472,Server_28736,9,1,0,23238,904,2,0001-07-02 11:08:28
45727029,Server_28769,12,0,13,123252,424,1,0001-02-21 05:11:58
23572502,Server_21957,16,1,7,33433,784,1,0001-01-07 07:46:43
37048144,Server_28736,9,1,8,40591,952,2,0001-02-10 15:16:39
16233360,Server_17065,6,0,0,34176,96,1,0001-03-11 06:29:37
10313244,Server_13219,13,1,2,1905,480,1,0001-03-22 10:58:08
36869406,Server_28736,11,1,11,110999,744,2,0001-01-25 07:10:01
31322596,Server_26851,5,1,12,3526,824,1,0001-03-18 22:35:45
9938054,Server_12225,10,0,15,81823,0,1,0001-03-28 21:48:41
65866606,Server_28769,12,1,12,15,176,1,0001-07-24 01:37:52
68874231,Server_28769,12,0,12,115839,728,2,0001-08-17 02:26:09
1746092,Server_3694,22,1,9,4173,96,1,0001-05-24 01:08:33
48827364,Server_28769,12,1,2,129480,856,1,0001-03-15 08:50:12
69280919,Server_28769,12,1,7,6348,608,2,0001-08-20 05:11:36
64054971,Server_28769,12,0,15,131040,280,1,0001-07-10 04:34:08
6029849,Server_7686,23,1,7,125722,144,1,0001-08-08 21:34:37
41749696,Server_28769,12,0,14,128920,24,2,0001-01-21 05:06:16
61585509,Server_28769,12,1,14,66804,760,2,0001-06-22 06:22:09
24346353,Server_22678,2,0,5,97890,1016,2,0001-04-28 23:41:20
52386490,Server_28769,12,1,7,37304,264,2,0001-04-11 17:22:14
59361673,Server_28769,12,1,12,38962,696,2,0001-06-05 05:08:27
11144605,Server_13634,12,0,7,17628,696,2,0001-07-08 19:16:12
24561445,Server_22693,6,1,10,112432,792,1,0001-07-02 00:43:00
63428680,Server_28769,12,0,8,103118,872,2,0001-07-05 09:25:32
69477675,Server_28769,12,1,13,73374,352,2,0001-08-21 17:21:14
50525539,Server_28769,12,1,12,15,176,1,0001-03-28 10:49:30
20617318,Server_17916,2,0,13,11688,928,1,0001-02-15 17:19:21
28929040,Server_26851,5,1,12,20935,1016,2,0001-02-03 15:50:14
50704984,Server_28769,12,0,11,131040,272,1,0001-03-29 19:50:56
40776699,Server_28769,12,1,13,26460,704,1,0001-01-13 10:27:37
62554415,Server_28769,12,1,8,1086,776,2,0001-06-29 16:38:00
40016927,Server_28769,12,0,7,5088,1000,2,0001-01-07 09:20:33
20095055,Server_17376,6,0,13,129441,408,1,0001-01-10 10:10:33
32062315,Server_27174,20,0,8,1730,1000,1,0001-02-20 16:01:09
35496891,Server_28529,20,0,10,5342,720,1,0001-06-24 00:08:41
59751528,Server_28769,12,0,13,123358,592,1,0001-06-08 04:53:09
63004862,Server_28769,12,0,2,129322,0,1,0001-07-02 03:28:56
46613318,Server_28769,12,1,14,113566,752,1,0001-02-28 02:54:09
2063727,Server_3890,0,0,14,25628,216,1,0001-04-17 20:09:39
21234736,Server_19128,6,1,11,5414,1016,2,0001-02-14 07:02:16
46716590,Server_28769,12,0,5,123378,544,1,0001-02-28 22:09:57
20137667,Server_17399,10,1,5,9438,352,1,0001-02-26 15:26:08
40563343,Server_28769,12,1,15,55144,168,2,0001-01-11 17:25:21
12581649,Server_13722,0,0,5,42226,1016,2,0001-08-03 20:48:19
26755060,Server_25962,14,0,12,669,776,1,0001-01-15 02:02:04
64614222,Server_28769,12,1,12,15,176,1,0001-07-14 11:21:42
48467412,Server_28769,12,1,15,111405,536,2,0001-03-12 13:30:41
13026622,Server_14201,12,1,0,1191,968,2,0001-07-18 00:34:04
21786719,Server_20197,10,1,3,1679,520,1,0001-02-18 05:15:02
18433939,Server_17065,6,0,0,34176,96,1,0001-06-28 07:04:45
27806002,Server_26851,4,1,4,5363,1016,1,0001-01-13 04:56:45
21668445,Server_20061,14,0,0,58021,0,2,0001-01-19 09:38:12
30859282,Server_26851,4,1,12,3509,664,1,0001-03-09 12:27:58
15121918,Server_15542,14,0,6,71935,216,2,0001-08-14 20:05:00
70455816,Server_28769,12,1,12,15,184,1,0001-08-29 05:11:25
47391362,Server_28769,12,0,4,51621,584,2,0001-03-04 04:21:03
19816630,Server_17065,6,0,0,34176,96,1,0001-08-28 07:46:47
37058890,Server_28736,9,1,8,33503,952,2,0001-02-11 14:33:15
53230106,Server_28769,12,0,11,131040,280,1,0001-04-18 04:40:19
25514993,Server_23536,14,0,7,118179,0,2,0001-04-16 03:37:06
2209794,Server_4203,4,0,14,75222,232,1,0001-06-11 09:05:16
12888445,Server_14201,12,1,6,126397,352,1,0001-07-17 00:13:52
73802076,Server_29962,4,0,7,56333,632,2,0001-08-06 20:50:56
3107016,Server_5029,14,0,0,90857,0,2,0001-07-18 15:00:57
18264897,Server_17065,6,0,0,34176,96,1,0001-06-20 07:05:01
59996844,Server_28769,12,1,8,15,176,1,0001-06-10 02:00:44
47650621,Server_28769,12,0,8,60595,528,1,0001-03-06 04:54:04
10402438,Server_13219,13,0,1,129486,608,1,0001-03-23 02:58:00
15431095,Server_16060,20,0,6,10015,1016,2,0001-01-25 12:40:36
58015573,Server_28769,12,1,10,3,136,1,0001-05-23 21:26:14
21001132,Server_18814,6,0,15,122461,0,2,0001-03-27 06:16:43
26180306,Server_25126,20,1,10,103699,1008,2,0001-01-17 11:04:38
12757009,Server_14152,20,0,4,75313,576,1,0001-06-29 11:01:22
31027844,Server_26851,5,1,12,61415,1016,2,0001-03-12 22:51:30
3075137,Server_5000,14,1,13,21359,1016,2,0001-03-06 08:28:17
26207158,Server_25312,23,1,2,124749,1016,2,0001-02-08 23:14:20
40057590,Server_28769,12,1,12,11,360,1,0001-01-07 17:02:07
149235,Server_236,16,0,3,51128,504,1,0001-02-07 08:20:51
56501110,Server_28769,12,1,8,21216,760,2,0001-05-12 06:43:09
48320192,Server_28769,12,1,11,90076,128,2,0001-03-11 09:56:53
69522447,Server_28769,12,1,12,15,176,1,0001-08-22 01:34:57
6988049,Server_8739,14,0,0,125779,632,1,0001-06-27 06:58:58
15434212,Server_16060,20,0,7,0,232,1,0001-01-25 13:20:12
14421518,Server_14798,1,0,2,59833,1016,2,0001-04-12 02:39:06
56846755,Server_28769,12,0,1,108337,960,2,0001-05-14 22:19:50
17427179,Server_17065,6,0,0,34176,96,1,0001-05-06 11:14:41
6515362,Server_8349,18,0,4,125737,688,1,0001-02-05 09:54:40
1326371,Server_2525,14,0,3,14378,888,2,0001-02-26 10:35:41
15507659,Server_16159,4,1,8,9751,784,2,0001-02-14 20:30:18
20604716,Server_17913,10,0,5,80192,584,1,0001-07-30 23:43:00
8064559,Server_9063,20,1,11,36600,256,1,0001-07-17 16:17:11
45610351,Server_28769,12,0,9,109044,680,1,0001-02-20 07:25:00
64536463,Server_28769,12,1,13,46959,56,2,0001-07-13 21:04:14
22995921,Server_21841,0,0,11,64334,168,1,0001-04-16 09:19:00
59956188,Server_28769,12,0,10,118880,376,2,0001-06-09 18:31:48
6704881,Server_8532,4,1,0,45394,816,1,0001-05-23 21:38:10
25022446,Server_22933,5,1,9,128461,64,1,0001-08-17 14:19:14
56197180,Server_28769,12,1,12,33779,336,1,0001-05-09 22:47:53
59149315,Server_28769,12,1,4,87433,888,2,0001-06-03 14:04:56
1112249,Server_1841,0,1,5,20049,8,2,0001-08-12 09:44:25
64239392,Server_28769,12,1,8,6105,848,2,0001-07-11 14:28:49
52126616,Server_28769,12,1,1,38215,144,2,0001-04-09 17:32:23
4765541,Server_7225,13,0,13,60945,488,2,0001-01-23 23:02:08
59323045,Server_28769,12,1,12,15,184,1,0001-06-04 22:02:04
47525016,Server_28769,12,1,2,34743,160,1,0001-03-05 05:21:32
41399630,Server_28769,12,0,5,24418,808,2,0001-01-18 10:03:31
56167976,Server_28769,12,1,4,74325,40,2,0001-05-09 17:25:14
53553979,Server_28769,12,1,4,43732,72,2,0001-04-20 16:15:35
39990997,Server_28769,12,0,7,109574,872,2,0001-01-07 04:19:53
71720612,Server_29962,4,1,3,30007,696,2,0001-07-20 20:16:19
70849956,Server_28872,16,0,2,8331,80,2,0001-02-21 15:10:49
22397139,Server_21574,22,1,14,67644,24,1,0001-06-03 15:21:02
51548332,Server_28769,12,0,6,128746,32,1,0001-04-05 07:05:13
62532887,Server_28769,12,1,3,113035,360,2,0001-06-29 12:40:24
71576043,Server_29962,4,0,4,15508,216,2,0001-07-19 17:42:00
62036608,Server_28769,12,1,13,35102,328,1,0001-06-25 17:21:45
66858911,Server_28769,12,1,12,15,176,1,0001-08-01 16:00:19
74311399,Server_29962,4,1,5,82384,64,2,0001-08-11 01:15:45
52179609,Server_28769,12,0,12,92482,888,2,0001-04-10 03:17:21
57379594,Server_28769,12,0,6,124762,632,2,0001-05-19 00:23:23
28397576,Server_26851,8,1,12,76323,520,2,0001-01-25 11:19:08
16277777,Server_17065,6,0,0,34176,96,1,0001-03-13 13:17:30
49248154,Server_28769,12,0,14,129654,504,2,0001-03-18 15:38:43
13007792,Server_14201,12,1,1,1740,368,1,0001-07-17 21:15:43
50356720,Server_28769,12,0,0,74391,952,2,0001-03-27 03:44:30
38674554,Server_28736,9,1,8,89359,896,2,0001-07-10 10:59:07
12871800,Server_14201,12,1,6,6078,856,1,0001-07-16 21:04:03
56460910,Server_28769,12,0,6,111662,904,2,0001-05-11 23:19:19
35769715,Server_28529,20,0,10,5342,720,1,0001-07-05 07:04:14
27568674,Server_26851,11,1,13,76175,1000,2,0001-01-08 00:59:10
20054774,Server_17364,20,0,12,107239,0,1,0001-07-02 19:55:14
13290084,Server_14201,12,1,4,5296,392,2,0001-07-20 01:13:34
68701545,Server_28769,12,0,15,72762,448,2,0001-08-15 18:40:29
73222982,Server_29962,4,1,5,86582,264,2,0001-08-02 04:04:42
67890971,Server_28769,12,0,15,39431,464,2,0001-08-09 13:41:07
21915533,Server_20507,5,0,10,69547,1016,2,0001-03-03 21:23:07
24820651,Server_22738,18,0,2,83152,1016,2,0001-01-22 06:54:09
36898444,Server_28736,9,1,8,101703,952,2,0001-01-28 02:05:34
32569694,Server_28063,11,1,0,114550,1000,1,0001-07-02 19:06:20
35121978,Server_28529,20,0,10,5342,720,1,0001-06-05 12:53:11
14906972,Server_15376,14,0,5,97391,0,2,0001-06-24 00:25:24
7727037,Server_8739,14,0,0,128613,24,1,0001-07-05 17:12:31
2326473,Server_4353,0,1,9,15792,976,1,0001-02-03 12:43:44
56905552,Server_28769,12,1,15,39305,56,2,0001-05-15 09:09:33
46881587,Server_28769,12,0,7,49326,584,2,0001-02-30 05:03:41
42594105,Server_28769,12,0,5,83831,552,2,0001-01-27 19:19:26
21495187,Server_19716,18,0,1,7870,24,1,0001-03-02 23:31:52
4295747,Server_6821,16,0,14,117946,1016,2,0001-05-01 15:31:13
51888472,Server_28769,12,0,6,128746,32,1,0001-04-07 21:42:32
44463208,Server_28769,12,0,7,69265,56,1,0001-02-11 08:39:26
58661094,Server_28769,12,1,15,131040,504,1,0001-05-28 20:14:07
14898744,Server_15365,5,1,7,11222,192,2,0001-08-30 08:36:42
11823915,Server_13634,12,0,13,128764,984,1,0001-07-14 22:14:32
70120119,Server_28769,12,1,15,69338,784,2,0001-08-26 15:28:17
41728404,Server_28769,12,1,5,108268,152,2,0001-01-21 01:00:14
1485951,Server_2818,12,1,12,38682,112,1,0001-05-23 16:51:16
69126556,Server_28769,12,1,14,3,80,1,0001-08-19 00:48:50
61130980,Server_28769,12,1,12,15,184,1,0001-06-18 18:43:39
43402436,Server_28769,12,0,12,1158,264,2,0001-02-03 02:25:27
18477486,Server_17065,6,0,0,34176,96,1,0001-06-30 03:34:20
17052110,Server_17065,6,0,0,34176,96,1,0001-04-22 04:25:55
49166143,Server_28769,12,0,11,131040,688,1,0001-03-18 00:05:15
49732567,Server_28769,12,0,3,131047,448,1,0001-03-22 08:51:19
24351276,Server_22681,14,1,2,89999,1016,2,0001-07-07 19:43:20
32110381,Server_27389,12,0,6,96883,80,1,0001-01-14 22:21:48
18226643,Server_17065,6,0,0,34176,96,1,0001-06-18 05:31:53
74722153,Server_29962,4,0,6,21393,1000,2,0001-08-14 13:14:37
26667069,Server_25927,20,0,3,61168,248,2,0001-01-24 22:39:41
73879605,Server_29962,4,1,2,6098,776,2,0001-08-07 11:58:35
38972439,Server_28736,9,0,0,16107,768,2,0001-08-09 15:15:47
42026179,Server_28769,12,0,6,22417,112,2,0001-01-23 09:06:05
52749412,Server_28769,12,0,6,128746,40,1,0001-04-14 12:10:50
4791792,Server_7247,0,1,2,59908,512,2,0001-01-14 17:29:08
12206158,Server_13634,12,0,14,102056,368,1,0001-07-18 03:35:34
65575811,Server_28769,12,0,7,53129,72,2,0001-07-21 20:10:07
52275328,Server_28769,12,1,8,15,184,1,0001-04-10 20:54:27
71274369,Server_29760,16,0,13,124730,776,1,0001-02-21 23:44:09
19350065,Server_17065,6,0,0,34176,96,1,0001-08-08 06:52:04
15025876,Server_15435,10,1,3,8735,504,1,0001-08-10 22:22:07
13196856,Server_14201,12,1,15,129348,160,1,0001-07-19 07:38:05
2531332,Server_4664,18,0,14,70735,856,1,0001-04-06 10:00:36
60539993,Server_28769,12,1,10,54429,112,2,0001-06-14 05:58:02
61612278,Server_28769,12,0,15,131040,280,1,0001-06-22 11:17:31
31217220,Server_26851,5,1,4,10517,536,1,0001-03-16 17:36:11
62019526,Server_28769,12,1,7,115908,616,2,0001-06-25 14:13:17
55468898,Server_28769,12,0,15,131040,280,1,0001-05-04 08:44:59
1316829,Server_2516,4,0,13,12114,640,1,0001-03-25 17:12:11
25650123,Server_23812,18,1,13,36472,360,1,0001-02-20 06:15:30
21658066,Server_20052,5,0,9,108597,1016,2,0001-05-28 21:59:34
35441959,Server_28529,20,0,10,5342,720,1,0001-06-23 03:22:33
67793806,Server_28769,12,1,12,71916,808,2,0001-08-08 19:49:53
37158990,Server_28736,9,1,8,54791,800,2,0001-02-20 11:04:48
33585757,Server_28529,20,0,10,5342,720,1,0001-03-13 00:57:30
70886981,Server_28985,4,1,10,95757,384,1,0001-02-01 00:34:24
27348784,Server_26851,5,1,4,85687,1016,2,0001-01-03 14:01:43
1548580,Server_2818,12,1,12,38682,112,1,0001-08-26 07:36:16
2183682,Server_4203,4,0,14,75222,232,1,0001-03-29 22:21:55
69744967,Server_28769,12,1,2,82818,512,2,0001-08-23 18:29:45
12987507,Server_14201,12,0,1,1628,296,1,0001-07-17 17:41:56
52981981,Server_28769,12,1,6,119779,24,2,0001-04-16 06:59:22
66704551,Server_28769,12,1,11,14614,0,2,0001-07-30 11:38:22
51535727,Server_28769,12,0,2,128746,32,1,0001-04-05 04:45:57
9804616,Server_11975,10,0,11,31152,8,1,0001-02-04 18:33:09
28447794,Server_26851,4,1,4,2418,760,1,0001-01-26 07:50:47
49912941,Server_28769,12,1,2,112276,88,1,0001-03-23 18:03:11
65098029,Server_28769,12,1,2,91969,120,2,0001-07-18 04:19:14
71949810,Server_29962,4,0,4,110485,712,2,0001-07-22 10:23:46
753472,Server_1342,2,1,8,99671,952,1,0001-02-29 22:53:02
70842968,Server_28849,15,1,0,12957,1016,1,0001-06-23 07:45:18
48152486,Server_28769,12,1,14,48504,184,2,0001-03-10 02:41:36
12076343,Server_13634,12,0,13,3235,720,1,0001-07-17 01:29:49
36872349,Server_28736,9,1,8,40779,152,2,0001-01-25 23:27:37
21888627,Server_20338,12,0,10,59048,0,2,0001-08-21 00:19:43
21438741,Server_19490,18,1,1,30424,1016,2,0001-02-07 00:59:56
26835728,Server_26313,6,0,15,38424,648,2,0001-03-14 15:08:39
46237764,Server_28769,12,1,14,41442,872,2,0001-02-25 04:44:57
66015764,Server_28769,12,0,4,20198,88,1,0001-07-25 05:03:05
16726791,Server_17065,6,0,0,34176,96,1,0001-04-05 12:11:42
50735753,Server_28769,12,0,11,131040,272,1,0001-03-30 01:30:51
10681830,Server_13434,21,1,15,102552,432,2,0001-01-31 16:21:01
2973561,Server_4864,0,0,9,70078,584,2,0001-07-25 19:49:40
32769780,Server_28237,20,0,4,18439,832,1,0001-01-16 15:38:38
13478013,Server_14210,8,1,4,91397,1016,2,0001-01-07 22:11:44
23689322,Server_21957,16,1,7,33615,568,1,0001-01-08 18:04:23
45212245,Server_28769,12,0,3,86592,48,1,0001-02-17 05:06:25
52419801,Server_28769,12,1,10,129324,704,1,0001-04-11 23:30:07
33080428,Server_28529,20,0,10,5342,720,1,0001-02-01 23:14:47
36894712,Server_28736,9,1,8,43743,800,2,0001-01-27 22:46:15
19019964,Server_17065,6,0,0,34176,96,1,0001-07-22 01:01:14
10247556,Server_13072,3,1,15,37423,368,2,0001-04-21 16:44:32
33981632,Server_28529,20,0,10,5342,720,1,0001-04-12 13:09:13
71732725,Server_29962,4,1,6,41939,496,2,0001-07-20 22:28:05
36335161,Server_28698,0,0,8,19484,640,1,0001-08-01 20:37:12
19722997,Server_17065,6,0,0,34176,96,1,0001-08-23 12:04:43
35279212,Server_28529,20,0,10,5342,720,1,0001-06-12 01:45:29
73237776,Server_29962,4,0,6,107181,744,2,0001-08-02 07:26:04
43496031,Server_28769,12,1,2,116665,344,1,0001-02-03 19:52:12
46593886,Server_28769,12,0,12,13685,208,2,0001-02-27 23:18:49
66312681,Server_28769,12,1,15,10866,472,2,0001-07-27 11:36:58
50438575,Server_28769,12,1,14,27601,296,2,0001-03-27 18:48:50
21605070,Server_19717,8,0,8,118768,704,2,0001-08-17 12:32:34
44400107,Server_28769,12,1,15,111462,152,2,0001-02-10 20:51:04
11992999,Server_13634,12,0,4,93440,984,2,0001-07-16 08:16:29
53117463,Server_28769,12,0,13,124565,512,2,0001-04-17 07:56:07
1400319,Server_2749,4,0,10,32904,856,1,0001-01-31 17:09:48
55147386,Server_28769,12,0,0,99455,672,1,0001-05-01 21:34:56
63764329,Server_28769,12,0,7,50469,240,2,0001-07-07 23:08:08
41047460,Server_28769,12,1,5,42527,456,2,0001-01-15 14:36:57
32563323,Server_28063,11,1,0,114523,1000,1,0001-06-30 09:06:02
62762618,Server_28769,12,1,10,3,88,1,0001-06-31 06:55:33
60951937,Server_28769,12,1,1,79540,904,2,0001-06-17 09:47:02
49963133,Server_28769,12,0,14,70023,408,2,0001-03-24 03:17:34
18021204,Server_17065,6,0,0,34176,96,1,0001-06-10 11:07:11
31409353,Server_26851,4,1,12,3509,560,1,0001-03-20 16:57:21
23792218,Server_21984,3,0,5,23383,0,2,0001-01-19 18:51:23
28560465,Server_26851,5,1,12,3267,720,1,0001-01-28 06:14:53
18019347,Server_17065,6,0,0,34176,96,1,0001-06-10 09:13:35
8321560,Server_10132,2,0,12,87785,48,1,0001-02-17 15:47:49
8805907,Server_11006,12,0,8,11147,488,1,0001-08-21 16:10:14
5113396,Server_7429,22,0,7,86914,0,1,0001-04-28 18:43:17
2945781,Server_4836,2,0,1,97197,0,2,0001-07-15 12:46:51
64715968,Server_28769,12,1,14,95575,968,2,0001-07-15 06:04:35
1936149,Server_3694,22,1,9,10044,96,1,0001-06-06 17:37:35
51288045,Server_28769,12,0,4,11,736,1,0001-04-03 07:10:32
54419894,Server_28769,12,1,6,7785,568,2,0001-04-27 07:41:04
63451230,Server_28769,12,1,0,124249,152,2,0001-07-05 13:34:08
64996169,Server_28769,12,0,6,118858,296,2,0001-07-17 09:35:19
18359700,Server_17065,6,0,0,34176,96,1,0001-06-24 14:20:33
48614738,Server_28769,12,1,15,1705,536,2,0001-03-13 17:04:39
23505143,Server_21957,16,1,7,33438,144,1,0001-01-06 11:49:07
30046733,Server_26851,11,1,13,3599,1000,2,0001-02-23 23:21:39
42625368,Server_28769,12,0,10,40110,952,1,0001-01-28 01:11:21
17863916,Server_17065,6,0,0,34176,96,1,0001-06-05 08:14:30
43662794,Server_28769,12,0,15,41841,408,1,0001-02-05 03:07:51
45859310,Server_28769,12,0,7,43773,616,2,0001-02-22 06:01:08
75117916,Server_30152,18,1,6,95842,1016,2,0001-03-13 13:29:04
25937036,Server_24386,22,1,3,4235,280,1,0001-03-31 04:04:09
33729818,Server_28529,20,0,10,5342,720,1,0001-03-22 18:02:36
45012682,Server_28769,12,1,8,88061,768,2,0001-02-15 15:43:27
52412046,Server_28769,12,1,12,64595,984,2,0001-04-11 22:04:19
6657180,Server_8531,12,1,6,41145,192,1,0001-02-11 10:18:00
50890430,Server_28769,12,0,15,131040,280,1,0001-03-31 05:59:34
54170421,Server_28769,12,1,12,15,176,1,0001-04-25 09:44:51
5217219,Server_7429,22,0,1,99741,56,1,0001-06-17 16:58:54
3679939,Server_5422,12,0,1,33933,744,2,0001-05-08 03:14:54
2450634,Server_4560,4,0,10,107794,1016,2,0001-06-18 21:02:13
70268465,Server_28769,12,1,12,15,184,1,0001-08-27 18:44:58
53858508,Server_28769,12,0,15,131040,280,1,0001-04-23 00:19:15
21744756,Server_20136,10,0,10,36328,216,2,0001-07-08 22:52:45
12629940,Server_13748,5,0,10,126937,952,1,0001-08-29 09:35:47
70797898,Server_28769,12,0,2,100056,848,2,0001-08-31 20:04:54
63577748,Server_28769,12,0,3,122815,312,2,0001-07-06 12:50:20
50283478,Server_28769,12,1,14,3,88,1,0001-03-26 14:14:51
67887553,Server_28769,12,0,14,36611,472,2,0001-08-09 13:03:29
30069746,Server_26851,4,1,12,3524,728,1,0001-02-24 10:00:23
37310935,Server_28736,9,1,11,22935,152,2,0001-03-04 02:07:00
72207831,Server_29962,4,0,14,95881,296,2,0001-07-24 07:07:51
6777116,Server_8650,12,1,10,50074,1016,2,0001-01-25 05:12:53
4694541,Server_7143,18,1,7,91066,968,2,0001-01-31 18:17:13
8373273,Server_10330,5,1,15,1323,216,1,0001-01-21 23:23:05
20432129,Server_17441,17,1,4,46456,704,2,0001-06-22 16:21:01
21142342,Server_19011,5,1,15,125992,1016,2,0001-02-15 18:18:26
16841496,Server_17065,6,0,0,34176,96,1,0001-04-10 01:04:40
35313748,Server_28529,20,0,10,5342,720,1,0001-06-12 14:50:25
69444791,Server_28769,12,0,4,39511,72,2,0001-08-21 11:18:38
42270621,Server_28769,12,0,14,15587,168,2,0001-01-25 06:54:39
28408555,Server_26851,5,1,12,11191,1008,1,0001-01-25 15:38:12
29889024,Server_26851,9,1,5,124375,1016,2,0001-02-21 00:32:40
51470329,Server_28769,12,1,10,3,176,1,0001-04-04 16:43:55
75074211,Server_30013,4,0,12,111373,952,2,0001-04-21 14:41:36
5210403,Server_7429,22,0,10,104448,304,1,0001-06-16 03:05:33
4349779,Server_6871,13,1,15,123718,320,2,0001-06-25 07:24:41
8617914,Server_10458,7,0,15,66412,640,2,0001-04-27 17:53:11
34649406,Server_28529,20,0,10,5342,720,1,0001-05-09 01:32:56
7225619,Server_8739,14,0,0,125347,824,1,0001-06-30 06:03:24
24748613,Server_22693,6,1,10,112307,792,1,0001-07-22 11:37:43
67189014,Server_28769,12,0,9,111703,320,2,0001-08-04 04:40:08
53123515,Server_28769,12,1,6,1669,728,2,0001-04-17 09:02:59
58027656,Server_28769,12,1,5,129377,744,2,0001-05-23 23:39:45
38511895,Server_28736,9,1,11,90109,952,2,0001-06-25 19:18:25
63657452,Server_28769,12,0,11,131040,696,1,0001-07-07 03:29:19
54006075,Server_28769,12,0,11,131040,280,1,0001-04-24 03:28:53
61137060,Server_28769,12,1,10,3,112,1,0001-06-18 19:50:43
32140012,Server_27538,0,0,6,11660,792,2,0001-01-27 08:01:31
23279000,Server_21957,16,1,7,32852,296,1,0001-01-03 17:12:27
48213797,Server_28769,12,0,6,112611,152,2,0001-03-10 14:04:41
