,sid,failure_type,failed_time
1087,Server_26872,2,0001-07-01 07:04:49
18,Server_10514,2,0001-01-22 16:59:49
256,Server_13770,2,0001-05-16 21:58:14
1306,Server_29882,2,0001-06-19 15:17:44
1151,Server_27768,3,0001-03-31 05:43:43
2339,Server_31172,0,0001-03-31 09:53:43
2242,Server_31075,0,0001-08-11 16:15:08
329,Server_14836,1,0001-07-28 16:34:43
646,Server_19386,3,0001-03-06 09:23:38
527,Server_17511,3,0001-03-02 12:17:41
1655,Server_30426,2,0001-04-21 10:06:49
1243,Server_29453,3,0001-04-05 11:03:14
78,Server_114,3,0001-06-30 19:50:51
2197,Server_31031,0,0001-03-10 09:11:29
1447,Server_30074,2,0001-05-06 17:38:16
2263,Server_31096,0,0001-07-06 11:31:31
2697,Server_58,1,0001-01-21 06:54:16
1067,Server_26715,2,0001-07-21 15:07:29
2295,Server_31128,0,0001-04-16 12:03:21
1683,Server_30519,0,0001-08-04 03:07:45
2118,Server_30953,0,0001-03-23 15:35:04
828,Server_22645,1,0001-06-18 22:37:38
2919,Server_8927,2,0001-08-09 12:11:16
1022,Server_26030,1,0001-03-07 13:23:15
917,Server_23775,3,0001-05-26 11:24:21
1167,Server_27956,1,0001-06-07 17:52:43
2702,Server_5876,3,0001-04-24 03:39:33
1330,Server_29916,2,0001-04-28 08:38:48
166,Server_1229,3,0001-02-01 18:33:17
1384,Server_29987,2,0001-05-01 20:49:38
913,Server_23765,3,0001-06-11 14:33:54
2441,Server_31274,0,0001-08-27 11:36:50
107,Server_11801,1,0001-06-30 07:00:40
2957,Server_9134,1,0001-02-03 07:11:59
1976,Server_30812,0,0001-08-23 06:01:05
972,Server_24921,2,0001-05-25 21:02:37
1809,Server_30645,0,0001-01-27 08:08:12
790,Server_22374,2,0001-08-28 06:25:19
2206,Server_31040,0,0001-05-25 13:27:13
676,Server_201,1,0001-05-15 02:56:57
2161,Server_30996,0,0001-08-07 18:18:46
754,Server_21864,1,0001-08-29 06:05:34
540,Server_1773,3,0001-04-01 19:48:26
2600,Server_4175,3,0001-04-15 13:36:54
855,Server_23048,1,0001-02-25 22:38:28
2272,Server_31105,0,0001-01-22 00:16:33
2727,Server_6314,2,0001-02-01 20:51:52
316,Server_1472,3,0001-02-12 14:19:21
1664,Server_30483,2,0001-06-19 22:50:06
2799,Server_7351,3,0001-05-13 08:40:02
36,Server_10933,3,0001-01-02 17:31:15
2529,Server_31362,0,0001-08-06 13:30:06
1423,Server_30039,2,0001-06-13 18:53:43
708,Server_2071,1,0001-02-28 06:19:28
625,Server_19201,3,0001-07-30 09:32:48
2660,Server_5148,3,0001-04-21 22:06:01
498,Server_16931,3,0001-08-23 17:00:27
2359,Server_31192,0,0001-06-05 19:56:49
2215,Server_31049,0,0001-07-17 00:04:52
624,Server_19158,3,0001-04-10 10:25:08
2595,Server_400,3,0001-06-18 02:25:40
788,Server_22356,1,0001-07-27 16:32:39
2217,Server_31050,0,0001-06-19 17:43:36
1002,Server_25394,3,0001-08-05 22:06:53
673,Server_20064,1,0001-03-22 02:24:20
962,Server_24675,3,0001-06-31 00:34:28
1224,Server_29053,1,0001-08-10 20:53:33
127,Server_12,1,0001-06-18 21:02:54
1489,Server_30132,2,0001-03-09 00:36:07
697,Server_20445,2,0001-05-24 22:30:19
2758,Server_6921,3,0001-03-04 15:29:53
1221,Server_2890,2,0001-03-23 21:19:20
2487,Server_31320,0,0001-03-25 15:16:52
2946,Server_9069,3,0001-02-01 21:48:26
1729,Server_30565,0,0001-03-30 15:57:13
730,Server_21388,3,0001-04-23 09:55:17
2699,Server_5824,3,0001-04-19 20:56:40
938,Server_24114,2,0001-07-24 14:28:04
1595,Server_30293,2,0001-02-25 09:57:50
1761,Server_30597,0,0001-02-13 12:21:06
12,Server_10388,3,0001-06-28 13:08:40
0,Server_10003,2,0001-07-17 11:11:07
1377,Server_29977,2,0001-05-15 16:14:42
214,Server_12950,1,0001-08-17 19:11:55
58,Server_11105,2,0001-03-31 13:01:36
2527,Server_31360,0,0001-03-04 22:29:48
1499,Server_30146,2,0001-01-24 12:06:17
589,Server_18526,3,0001-03-17 04:17:25
2436,Server_31269,0,0001-08-22 06:26:59
1275,Server_29810,2,0001-05-24 18:58:31
1012,Server_25861,2,0001-03-06 13:27:37
2165,Server_310,1,0001-06-22 05:02:40
2407,Server_31240,0,0001-08-16 05:33:37
2259,Server_31092,0,0001-05-16 21:34:36
761,Server_21925,2,0001-06-24 16:02:53
1731,Server_30567,0,0001-07-01 14:31:37
1984,Server_30820,0,0001-02-07 05:57:36
295,Server_14424,1,0001-01-28 15:52:55
1531,Server_30200,2,0001-04-16 07:18:11
764,Server_21968,1,0001-05-19 00:15:09
2523,Server_31356,0,0001-06-10 12:13:33
2462,Server_31295,0,0001-05-23 20:39:08
2609,Server_4287,1,0001-04-12 05:19:45
1648,Server_30419,2,0001-01-27 23:32:09
1074,Server_26762,3,0001-02-05 13:38:48
1893,Server_30729,0,0001-07-22 02:07:32
738,Server_21580,1,0001-03-20 06:27:15
1879,Server_30715,0,0001-06-16 16:50:40
2986,Server_9437,2,0001-02-04 03:16:18
2742,Server_676,3,0001-03-16 23:06:09
119,Server_1194,3,0001-04-14 21:02:50
1368,Server_29967,2,0001-02-21 15:06:23
1801,Server_30637,0,0001-01-27 08:01:20
43,Server_10980,3,0001-02-20 08:07:41
2574,Server_3734,3,0001-05-11 02:13:00
2985,Server_9435,3,0001-03-08 17:25:50
1935,Server_30771,0,0001-07-02 01:46:40
1131,Server_27462,2,0001-02-21 16:56:20
1379,Server_29981,2,0001-06-27 11:37:39
525,Server_17450,3,0001-03-10 09:47:41
648,Server_19435,3,0001-05-13 20:25:00
777,Server_22177,2,0001-01-31 04:15:20
1106,Server_27050,1,0001-03-27 06:56:20
1614,Server_30339,2,0001-04-01 08:27:47
678,Server_20158,3,0001-04-30 10:02:40
386,Server_15486,2,0001-04-02 08:49:06
641,Server_19354,3,0001-04-12 16:02:48
669,Server_19937,2,0001-06-20 19:59:47
698,Server_20502,3,0001-01-18 09:42:59
1053,Server_26599,2,0001-02-19 18:00:31
695,Server_2043,3,0001-04-22 12:01:57
2014,Server_30850,0,0001-08-08 21:20:54
2835,Server_7748,2,0001-07-24 10:07:57
2990,Server_953,3,0001-05-13 14:10:37
1088,Server_26897,1,0001-05-23 16:27:05
220,Server_1298,3,0001-08-10 02:06:29
2062,Server_30898,0,0001-05-06 00:51:22
2890,Server_8576,1,0001-01-08 16:08:28
197,Server_1276,1,0001-06-13 19:09:21
2955,Server_9126,1,0001-01-04 07:07:38
2163,Server_30998,0,0001-02-20 18:03:59
1657,Server_30428,2,0001-05-26 10:05:32
910,Server_23756,3,0001-04-07 04:19:57
1208,Server_28692,3,0001-06-01 13:42:01
212,Server_12948,1,0001-02-11 04:46:28
998,Server_25326,3,0001-01-06 13:42:52
679,Server_20163,1,0001-05-06 03:16:35
2814,Server_7467,3,0001-07-02 14:51:30
1756,Server_30592,0,0001-01-02 15:02:35
138,Server_12121,3,0001-04-08 13:10:17
2867,Server_8075,1,0001-06-04 22:39:16
391,Server_15537,3,0001-05-24 04:30:45
1958,Server_30794,0,0001-07-24 19:19:13
1092,Server_26929,3,0001-08-26 11:16:27
183,Server_12502,3,0001-05-20 23:19:04
1914,Server_30750,0,0001-08-28 12:57:16
1046,Server_26581,1,0001-06-27 21:08:53
2580,Server_3794,3,0001-05-25 16:44:24
1668,Server_30504,0,0001-01-13 17:01:32
140,Server_1213,1,0001-04-25 01:50:55
302,Server_14576,1,0001-07-05 01:17:46
1161,Server_27896,1,0001-04-28 18:29:45
2019,Server_30855,0,0001-02-01 16:06:29
1433,Server_30055,2,0001-08-07 00:56:11
2223,Server_31056,0,0001-03-07 19:28:39
173,Server_1238,1,0001-07-21 13:32:47
2934,Server_9008,2,0001-08-07 02:45:28
751,Server_21829,1,0001-03-06 01:18:24
1720,Server_30556,0,0001-08-01 02:40:10
1135,Server_27597,1,0001-06-28 23:44:07
1469,Server_30109,2,0001-08-06 14:50:31
100,Server_11580,3,0001-02-19 00:02:56
2356,Server_31189,0,0001-01-03 22:44:22
1944,Server_30780,0,0001-07-27 21:39:41
1035,Server_2647,1,0001-01-24 02:54:16
1993,Server_30829,0,0001-01-29 15:19:13
2729,Server_6395,2,0001-01-22 10:29:14
660,Server_19564,2,0001-06-18 16:00:57
2683,Server_5538,2,0001-08-01 08:28:51
1052,Server_26590,1,0001-08-20 05:13:41
549,Server_17923,2,0001-07-14 01:21:11
102,Server_11609,3,0001-04-12 19:35:47
104,Server_1168,3,0001-03-25 01:26:54
2286,Server_31119,0,0001-08-14 23:18:48
2939,Server_904,3,0001-02-23 03:36:24
1015,Server_25918,2,0001-06-26 14:11:30
248,Server_13634,3,0001-08-01 20:15:05
599,Server_18820,3,0001-04-09 17:56:28
580,Server_18392,3,0001-04-13 23:59:25
1895,Server_30731,0,0001-08-08 17:12:16
448,Server_1635,3,0001-05-01 18:58:49
2227,Server_31060,0,0001-08-09 08:49:23
2106,Server_30941,0,0001-02-27 16:45:31
1709,Server_30545,0,0001-08-01 09:43:03
457,Server_1646,3,0001-01-29 22:26:03
2239,Server_31072,0,0001-05-19 14:01:09
2346,Server_31179,0,0001-05-11 07:40:21
893,Server_23560,1,0001-01-01 17:56:55
1282,Server_29837,2,0001-08-27 03:24:30
2706,Server_5912,1,0001-01-15 06:04:01
2064,Server_309,1,0001-04-26 04:04:05
628,Server_19216,3,0001-04-12 15:54:39
2608,Server_4285,3,0001-06-25 14:04:27
2584,Server_3836,3,0001-05-20 22:42:17
2026,Server_30862,0,0001-07-16 12:43:38
2768,Server_6984,2,0001-08-25 15:37:02
1779,Server_30615,0,0001-02-19 13:32:14
2270,Server_31103,0,0001-01-30 13:09:22
2240,Server_31073,0,0001-03-11 12:54:39
1332,Server_29920,2,0001-04-29 21:14:39
719,Server_21204,2,0001-04-24 15:21:01
1440,Server_30066,2,0001-06-19 01:38:19
1051,Server_2659,1,0001-06-27 20:10:56
1740,Server_30576,0,0001-06-28 12:58:35
1319,Server_29897,2,0001-02-12 20:18:17
280,Server_14248,1,0001-02-28 06:18:51
1425,Server_30043,2,0001-04-10 12:52:21
1071,Server_26741,1,0001-08-31 00:02:53
2230,Server_31063,0,0001-07-13 10:29:29
1301,Server_29875,2,0001-02-18 21:13:24
2291,Server_31124,0,0001-06-19 03:04:25
1209,Server_28704,3,0001-01-30 17:41:35
2794,Server_7306,2,0001-05-21 17:15:32
1892,Server_30728,0,0001-07-14 21:11:47
2965,Server_9160,3,0001-01-17 10:11:44
1488,Server_30131,2,0001-06-16 17:30:56
1942,Server_30778,0,0001-03-30 13:58:15
2722,Server_6262,2,0001-01-26 21:52:58
1162,Server_27915,1,0001-08-30 07:26:07
444,Server_16328,2,0001-04-10 11:54:03
2664,Server_5166,3,0001-04-23 15:53:41
1212,Server_28833,1,0001-01-20 07:23:27
383,Server_15462,1,0001-04-31 01:01:45
1674,Server_30510,0,0001-01-11 10:08:41
1628,Server_30385,2,0001-01-11 04:48:24
808,Server_22491,2,0001-06-21 20:33:44
357,Server_15124,1,0001-04-11 13:02:41
2411,Server_31244,0,0001-01-10 17:08:56
533,Server_17654,2,0001-07-11 21:37:37
950,Server_24489,3,0001-01-16 13:32:51
1094,Server_26931,2,0001-05-26 15:22:39
778,Server_22244,2,0001-04-02 12:59:47
434,Server_16286,3,0001-01-16 13:33:54
2380,Server_31213,0,0001-08-23 08:13:07
2524,Server_31357,0,0001-07-04 17:44:29
663,Server_19614,3,0001-04-28 18:50:56
1297,Server_29868,2,0001-08-27 15:19:45
1196,Server_28251,3,0001-02-08 02:23:38
2072,Server_30907,0,0001-01-24 20:26:13
2663,Server_5163,2,0001-03-02 18:40:16
1602,Server_30317,2,0001-05-19 17:25:04
1707,Server_30543,0,0001-07-06 05:51:07
2135,Server_30970,0,0001-07-04 12:14:46
49,Server_11009,3,0001-06-28 13:06:20
2309,Server_31142,0,0001-07-14 20:09:00
63,Server_1117,3,0001-01-01 02:14:06
2506,Server_31339,0,0001-01-19 16:13:54
2374,Server_31207,0,0001-07-14 20:20:25
2007,Server_30843,0,0001-08-08 05:22:31
2517,Server_31350,0,0001-03-18 08:40:01
2159,Server_30994,0,0001-06-14 10:04:18
2545,Server_31378,0,0001-06-05 20:33:05
2453,Server_31286,0,0001-07-25 14:56:02
1310,Server_29886,2,0001-02-26 04:46:01
2748,Server_6825,1,0001-01-24 20:10:20
1871,Server_30707,0,0001-05-19 00:42:26
1880,Server_30716,0,0001-06-22 12:12:41
392,Server_15553,2,0001-05-29 03:15:07
1380,Server_29982,2,0001-03-29 14:52:35
69,Server_11234,1,0001-05-19 15:23:30
2090,Server_30925,0,0001-04-24 05:37:54
2020,Server_30856,0,0001-03-19 10:25:54
860,Server_23277,3,0001-01-25 07:04:19
1274,Server_29809,2,0001-03-15 15:01:18
2993,Server_9566,1,0001-02-02 07:27:54
2571,Server_3717,1,0001-01-30 02:47:19
1392,Server_30002,2,0001-02-01 20:37:41
652,Server_19440,3,0001-03-05 07:42:02
760,Server_21922,0,0001-08-13 17:00:41
2548,Server_3147,1,0001-01-23 01:56:42
2200,Server_31034,0,0001-02-02 00:05:05
1228,Server_29192,2,0001-01-17 17:10:27
438,Server_16297,3,0001-03-15 02:07:41
2031,Server_30867,0,0001-05-12 19:24:00
601,Server_1883,1,0001-02-06 02:45:51
2029,Server_30865,0,0001-05-18 06:17:29
1040,Server_26539,1,0001-06-10 23:52:22
2350,Server_31183,0,0001-02-18 01:09:47
2025,Server_30861,0,0001-03-26 18:50:59
941,Server_24251,3,0001-03-15 08:15:02
1603,Server_30318,2,0001-06-16 00:52:17
1639,Server_30408,2,0001-02-16 09:42:46
1390,Server_29994,2,0001-08-22 02:12:26
1482,Server_30123,2,0001-06-20 16:32:19
258,Server_13823,2,0001-01-27 09:34:22
1304,Server_29879,2,0001-06-22 23:07:09
406,Server_15890,3,0001-02-28 09:52:36
714,Server_21020,3,0001-04-04 23:50:25
2287,Server_31120,0,0001-02-15 11:49:47
513,Server_17347,3,0001-05-12 01:24:02
2060,Server_30896,0,0001-08-19 16:37:36
1189,Server_28122,1,0001-03-02 20:03:08
2437,Server_31270,0,0001-08-08 13:52:08
477,Server_16631,2,0001-03-22 22:54:03
7,Server_10240,3,0001-04-06 04:24:34
2497,Server_31330,0,0001-01-19 15:46:06
1582,Server_30277,2,0001-04-30 08:28:34
1257,Server_2972,2,0001-07-22 20:53:44
2428,Server_31261,0,0001-03-03 17:14:56
2606,Server_4277,1,0001-02-16 04:39:12
2276,Server_31109,0,0001-01-17 06:42:14
851,Server_22921,1,0001-08-20 01:51:39
467,Server_16548,1,0001-03-22 01:19:12
1904,Server_30740,0,0001-07-26 04:21:45
1493,Server_30137,2,0001-02-28 04:38:50
1854,Server_30690,0,0001-02-22 19:23:10
1506,Server_30157,2,0001-03-08 23:07:40
703,Server_20570,3,0001-08-26 18:37:59
885,Server_23511,2,0001-07-06 15:18:09
1842,Server_30678,0,0001-08-11 10:14:51
425,Server_16113,3,0001-03-10 16:28:14
355,Server_15113,3,0001-04-09 20:32:38
1730,Server_30566,0,0001-04-20 12:00:48
1014,Server_25895,2,0001-03-07 06:05:07
2852,Server_7908,1,0001-08-17 13:46:06
1175,Server_28005,2,0001-02-29 22:46:52
24,Server_10628,3,0001-07-12 10:51:51
160,Server_12197,3,0001-04-15 06:14:04
180,Server_12446,3,0001-04-10 00:14:37
739,Server_21603,2,0001-04-22 15:37:40
1743,Server_30579,0,0001-01-10 13:45:11
1229,Server_29194,1,0001-03-13 00:53:54
2041,Server_30877,0,0001-05-26 19:43:53
654,Server_19451,3,0001-02-20 18:26:00
575,Server_18350,3,0001-05-27 03:23:26
1235,Server_29247,3,0001-01-06 02:34:16
158,Server_12193,3,0001-03-11 07:47:56
662,Server_1960,2,0001-08-05 21:09:35
311,Server_14687,3,0001-08-27 15:04:53
1068,Server_26718,2,0001-07-16 13:18:55
1930,Server_30766,0,0001-08-29 05:09:51
287,Server_14314,2,0001-03-04 08:59:05
975,Server_24973,2,0001-02-21 17:50:40
1606,Server_30322,2,0001-08-17 15:43:58
2513,Server_31346,0,0001-07-17 00:58:02
87,Server_11524,1,0001-01-18 09:09:06
418,Server_16022,3,0001-04-20 06:23:22
3008,Server_9827,2,0001-02-23 07:37:37
753,Server_21862,1,0001-01-25 00:58:28
2724,Server_6304,3,0001-06-29 17:15:29
1233,Server_29216,1,0001-01-04 22:31:18
2694,Server_5749,2,0001-04-15 11:11:17
807,Server_22482,3,0001-01-03 05:37:42
1727,Server_30563,0,0001-08-07 06:38:43
1303,Server_29878,2,0001-05-29 01:24:33
2423,Server_31256,0,0001-08-23 03:02:25
2641,Server_4980,3,0001-01-26 16:00:17
623,Server_19118,3,0001-06-15 13:02:50
865,Server_23392,1,0001-01-21 17:02:44
2265,Server_31098,0,0001-08-04 19:00:15
675,Server_20090,3,0001-03-30 20:23:05
742,Server_21695,1,0001-04-02 04:25:48
1643,Server_30414,2,0001-07-03 14:24:59
867,Server_23399,1,0001-05-29 16:31:19
803,Server_22450,2,0001-06-11 22:44:20
666,Server_19714,3,0001-07-02 22:26:56
821,Server_22574,2,0001-02-05 17:46:22
880,Server_23430,1,0001-03-01 05:49:53
2181,Server_31015,0,0001-03-04 10:41:51
2568,Server_3699,3,0001-06-09 13:34:51
2854,Server_7920,1,0001-08-09 23:21:50
1952,Server_30788,0,0001-08-17 21:56:15
1027,Server_26224,3,0001-01-29 17:01:15
1621,Server_30363,2,0001-07-22 00:37:03
1412,Server_30027,2,0001-03-01 04:10:55
2940,Server_9049,2,0001-08-30 03:24:17
1576,Server_30266,2,0001-05-22 03:21:41
1308,Server_29884,2,0001-08-14 16:56:25
2642,Server_4987,3,0001-06-07 17:52:49
866,Server_23396,1,0001-05-04 21:38:12
2519,Server_31352,0,0001-08-19 01:31:12
330,Server_14837,1,0001-06-02 11:24:17
2434,Server_31267,0,0001-04-01 22:12:00
1915,Server_30751,0,0001-08-19 16:01:40
735,Server_21531,1,0001-07-28 21:59:28
2769,Server_6991,2,0001-06-23 23:54:49
1872,Server_30708,0,0001-05-21 22:25:49
1950,Server_30786,0,0001-06-19 13:38:18
1502,Server_30151,2,0001-08-01 14:19:37
244,Server_13484,1,0001-08-17 21:27:05
2675,Server_5298,2,0001-06-21 06:44:09
2883,Server_8467,3,0001-05-16 21:33:46
2120,Server_30955,0,0001-04-27 14:03:44
1154,Server_2778,2,0001-07-01 12:58:38
824,Server_22621,2,0001-06-29 12:39:53
886,Server_23529,3,0001-08-18 14:43:17
1733,Server_30569,0,0001-03-03 07:22:34
2410,Server_31243,0,0001-02-09 22:50:47
2763,Server_6944,2,0001-02-30 02:47:17
2813,Server_7465,1,0001-05-15 16:32:33
1792,Server_30628,0,0001-08-21 14:18:23
2088,Server_30923,0,0001-01-17 13:08:56
1579,Server_30270,2,0001-08-05 18:41:40
2602,Server_4251,3,0001-03-14 00:50:49
2194,Server_31028,0,0001-08-21 19:28:06
544,Server_1781,1,0001-01-16 09:48:38
1302,Server_29877,2,0001-06-15 07:38:54
1838,Server_30674,0,0001-04-08 23:14:57
2816,Server_7489,3,0001-05-01 00:11:11
937,Server_24055,2,0001-01-07 15:03:23
2905,Server_8707,1,0001-01-27 21:10:37
1070,Server_26740,1,0001-08-30 18:35:22
1861,Server_30697,0,0001-03-25 10:42:21
171,Server_1235,1,0001-01-17 01:04:31
2998,Server_9668,2,0001-03-28 20:35:27
1146,Server_27720,3,0001-08-10 05:38:32
503,Server_1696,3,0001-04-24 10:09:03
1748,Server_30584,0,0001-01-16 07:17:35
1525,Server_30188,2,0001-07-15 21:14:42
1802,Server_30638,0,0001-01-27 08:01:50
2743,Server_6771,3,0001-02-27 01:35:46
2116,Server_30951,0,0001-02-20 15:15:27
2522,Server_31355,0,0001-06-28 04:20:13
446,Server_16334,3,0001-04-05 03:23:55
2122,Server_30957,0,0001-05-14 17:59:18
2698,Server_5821,3,0001-06-17 04:34:22
1690,Server_30526,0,0001-06-21 13:58:27
2809,Server_7425,2,0001-06-04 19:13:39
224,Server_13017,1,0001-06-18 07:16:12
2254,Server_31087,0,0001-03-18 01:05:50
2589,Server_3852,3,0001-03-02 03:52:21
2395,Server_31228,0,0001-08-08 18:09:20
592,Server_18722,3,0001-03-03 07:41:43
2633,Server_4923,3,0001-06-19 22:24:46
2396,Server_31229,0,0001-05-24 22:07:56
494,Server_1678,1,0001-06-02 10:58:10
2865,Server_8062,3,0001-01-16 07:44:02
994,Server_25316,3,0001-05-08 08:48:57
903,Server_23657,1,0001-01-31 15:55:01
2045,Server_30881,0,0001-08-02 06:49:23
2126,Server_30961,0,0001-04-15 04:56:50
1642,Server_30413,2,0001-06-09 12:09:13
529,Server_17564,3,0001-05-13 18:49:17
743,Server_21702,1,0001-01-25 02:45:24
1750,Server_30586,0,0001-01-06 22:13:02
2509,Server_31342,0,0001-06-28 20:02:43
2354,Server_31187,0,0001-02-05 02:17:24
397,Server_157,1,0001-05-02 23:52:17
741,Server_21654,2,0001-05-23 22:11:01
2456,Server_31289,0,0001-06-26 09:19:23
956,Server_24556,3,0001-03-28 06:01:23
2283,Server_31116,0,0001-08-17 00:00:28
2137,Server_30972,0,0001-07-06 21:28:30
2688,Server_5638,3,0001-06-22 01:15:16
1898,Server_30734,0,0001-07-26 17:44:30
1913,Server_30749,0,0001-08-24 05:26:58
573,Server_18337,3,0001-07-06 21:37:59
1268,Server_29796,2,0001-08-13 05:04:09
1853,Server_30689,0,0001-02-26 11:46:43
518,Server_17381,0,0001-07-10 04:00:03
1626,Server_30382,2,0001-02-10 02:22:39
147,Server_12148,1,0001-01-18 15:56:08
2879,Server_8306,2,0001-03-17 16:38:35
2708,Server_5936,3,0001-03-12 05:05:41
124,Server_1197,3,0001-02-11 16:33:57
2572,Server_3724,3,0001-08-24 09:52:13
2334,Server_31167,0,0001-03-13 23:34:38
1429,Server_30049,2,0001-03-05 13:44:34
1223,Server_2903,3,0001-02-16 07:17:37
94,Server_11562,3,0001-06-01 04:28:40
452,Server_16358,1,0001-04-10 20:09:07
1093,Server_26930,2,0001-08-24 11:06:13
1788,Server_30624,0,0001-03-08 16:52:25
2648,Server_5027,3,0001-06-28 12:27:10
326,Server_14822,2,0001-06-23 22:46:25
792,Server_22387,2,0001-07-01 14:27:34
1738,Server_30574,0,0001-01-21 22:17:23
156,Server_12184,3,0001-06-16 03:35:45
731,Server_21390,3,0001-06-19 07:04:54
1508,Server_30160,2,0001-02-06 11:08:14
2149,Server_30984,0,0001-03-18 16:19:35
1518,Server_30180,2,0001-06-31 14:50:41
2511,Server_31344,0,0001-05-15 16:08:21
2918,Server_8900,2,0001-06-20 21:59:06
305,Server_14638,3,0001-05-10 15:05:21
470,Server_16561,3,0001-01-25 02:28:58
843,Server_22819,3,0001-02-24 23:11:56
2319,Server_31152,0,0001-06-28 03:12:50
2911,Server_8773,1,0001-04-04 04:40:58
2373,Server_31206,0,0001-06-23 18:46:37
424,Server_16106,2,0001-04-08 21:05:00
637,Server_19299,1,0001-03-03 07:50:20
1058,Server_2664,1,0001-01-28 11:19:43
1366,Server_29965,2,0001-02-12 07:10:02
2175,Server_31009,0,0001-01-25 20:18:28
1114,Server_27181,1,0001-06-14 09:05:32
317,Server_14749,1,0001-01-22 14:06:36
2121,Server_30956,0,0001-03-26 11:49:48
1534,Server_30204,2,0001-04-29 15:43:16
404,Server_15850,1,0001-02-13 14:00:46
2365,Server_31198,0,0001-08-22 02:29:14
1836,Server_30672,0,0001-03-31 00:42:04
2826,Server_7620,2,0001-08-26 09:59:59
2920,Server_8930,3,0001-06-27 16:21:59
1325,Server_29910,2,0001-07-25 04:45:27
556,Server_1812,2,0001-01-07 10:39:31
2264,Server_31097,0,0001-08-18 15:19:11
618,Server_19077,1,0001-05-19 19:40:32
1647,Server_30418,2,0001-04-05 20:38:35
55,Server_11081,3,0001-02-14 02:18:01
918,Server_23780,3,0001-08-02 02:34:01
501,Server_16955,3,0001-04-21 15:21:35
1264,Server_29787,2,0001-05-09 15:33:44
2791,Server_7266,1,0001-01-13 10:04:00
634,Server_19267,3,0001-02-04 10:04:30
1936,Server_30772,0,0001-07-17 04:27:14
263,Server_13915,2,0001-02-15 10:41:05
1849,Server_30685,0,0001-06-25 09:38:20
368,Server_15349,2,0001-05-13 01:13:15
2039,Server_30875,0,0001-03-25 03:32:35
629,Server_19226,3,0001-05-24 11:37:03
229,Server_1311,1,0001-02-22 22:06:09
1219,Server_28878,3,0001-02-04 23:43:54
664,Server_19651,3,0001-02-10 18:56:14
509,Server_17142,2,0001-07-28 00:20:53
1486,Server_3013,3,0001-07-27 13:20:48
1316,Server_29893,2,0001-04-17 20:59:50
1677,Server_30513,0,0001-01-29 16:33:25
1061,Server_26683,2,0001-03-22 04:52:27
1977,Server_30813,0,0001-08-24 15:54:53
1927,Server_30763,0,0001-08-30 19:56:21
1823,Server_30659,0,0001-07-20 10:39:53
211,Server_12940,1,0001-04-14 18:03:31
2913,Server_8813,1,0001-05-21 00:12:12
2989,Server_949,1,0001-01-18 15:15:24
1011,Server_25858,2,0001-03-04 10:28:27
569,Server_18306,1,0001-04-31 06:41:43
1173,Server_28002,1,0001-06-26 08:14:21
335,Server_1486,1,0001-03-06 20:54:57
2533,Server_31366,0,0001-07-26 05:40:06
480,Server_16661,3,0001-01-11 15:13:17
361,Server_15186,2,0001-05-21 01:09:53
2967,Server_9168,1,0001-06-24 00:43:50
2097,Server_30932,0,0001-04-29 11:38:01
47,Server_11001,2,0001-04-11 21:43:00
149,Server_12161,3,0001-03-12 19:14:07
1666,Server_305,3,0001-08-11 15:18:33
120,Server_11943,3,0001-03-26 15:09:12
1144,Server_27711,3,0001-01-31 05:29:46
2903,Server_8676,1,0001-03-28 18:42:29
622,Server_191,1,0001-07-23 00:50:01
1193,Server_28174,1,0001-03-21 09:19:17
1339,Server_29928,2,0001-03-12 01:06:02
1420,Server_30035,2,0001-05-07 12:14:00
1358,Server_29956,2,0001-05-03 11:26:41
1446,Server_30073,2,0001-01-14 19:13:22
1698,Server_30534,0,0001-06-16 11:52:40
883,Server_23438,1,0001-01-25 15:02:26
1090,Server_2691,3,0001-04-04 23:27:21
3014,Server_9944,3,0001-05-29 23:21:03
2861,Server_8040,3,0001-02-05 06:50:25
2864,Server_8057,3,0001-01-28 05:14:23
2325,Server_31158,0,0001-04-27 21:43:50
963,Server_24710,1,0001-03-17 15:04:14
2496,Server_31329,0,0001-04-17 06:40:38
1211,Server_28776,2,0001-01-04 23:40:10
2279,Server_31112,0,0001-08-17 00:00:29
157,Server_1219,1,0001-01-18 17:03:37
653,Server_19448,3,0001-03-09 03:13:11
985,Server_2511,1,0001-05-10 13:34:55
1072,Server_2675,1,0001-07-25 02:29:07
1584,Server_30279,2,0001-05-27 14:11:51
3016,Server_998,3,0001-05-08 15:30:25
2536,Server_31369,0,0001-08-26 07:49:59
2650,Server_505,2,0001-04-19 22:46:26
583,Server_18411,3,0001-05-05 08:01:45
1901,Server_30737,0,0001-07-30 21:56:14
784,Server_22341,2,0001-01-07 20:43:20
552,Server_1798,3,0001-07-12 12:15:04
289,Server_14382,3,0001-01-19 00:46:38
2576,Server_3779,3,0001-05-29 12:08:40
1869,Server_30705,0,0001-05-20 19:50:33
1432,Server_30054,2,0001-08-11 04:50:12
2184,Server_31018,0,0001-01-25 19:48:58
1091,Server_26915,2,0001-03-04 11:11:03
2342,Server_31175,0,0001-04-29 20:31:58
1435,Server_30060,2,0001-07-29 08:08:15
348,Server_14962,3,0001-02-26 07:42:33
1631,Server_30391,2,0001-06-30 15:32:42
2947,Server_9072,1,0001-06-13 05:19:43
1463,Server_30101,2,0001-07-06 13:28:30
1654,Server_30425,2,0001-07-26 00:46:18
1326,Server_29911,2,0001-06-01 03:07:45
439,Server_16301,1,0001-02-07 20:01:36
1954,Server_30790,0,0001-07-03 18:17:57
1873,Server_30709,0,0001-05-12 15:57:46
1555,Server_30237,2,0001-03-05 22:06:29
2806,Server_7403,1,0001-07-12 22:06:51
835,Server_22734,2,0001-07-29 03:29:27
279,Server_14246,1,0001-05-02 17:47:03
960,Server_24633,2,0001-07-19 22:05:04
2964,Server_9155,1,0001-03-31 07:22:01
2225,Server_31058,0,0001-01-31 21:46:10
595,Server_18790,3,0001-01-12 21:43:22
1112,Server_27169,2,0001-08-23 22:42:07
2872,Server_8102,3,0001-04-06 16:19:18
1651,Server_30422,2,0001-03-11 12:51:11
2713,Server_6097,2,0001-07-24 09:53:28
2006,Server_30842,0,0001-02-01 13:10:14
1816,Server_30652,0,0001-01-08 13:02:56
2848,Server_7882,1,0001-08-19 14:49:16
2915,Server_8836,1,0001-07-15 06:46:09
1652,Server_30423,2,0001-03-30 01:20:07
2851,Server_7904,1,0001-08-13 15:18:32
1124,Server_27242,1,0001-05-17 07:09:36
2123,Server_30958,0,0001-04-06 11:07:52
1857,Server_30693,0,0001-05-16 19:32:21
902,Server_23617,1,0001-02-26 08:31:54
193,Server_12721,1,0001-06-27 15:21:32
1466,Server_30105,2,0001-02-21 08:07:34
711,Server_20950,2,0001-04-14 11:54:22
2943,Server_9062,1,0001-04-13 20:52:04
817,Server_22544,1,0001-04-02 21:11:37
571,Server_1833,2,0001-06-22 13:00:08
715,Server_21094,2,0001-01-30 20:39:57
2611,Server_4549,1,0001-04-10 19:24:09
871,Server_23406,1,0001-06-01 03:37:05
449,Server_16353,1,0001-06-06 10:30:38
1028,Server_26269,3,0001-05-03 12:42:19
2282,Server_31115,0,0001-02-16 07:42:37
1526,Server_30189,2,0001-03-18 18:55:23
2780,Server_7148,1,0001-01-09 23:26:46
2091,Server_30926,0,0001-08-16 21:04:41
1076,Server_26774,1,0001-05-17 12:42:04
1075,Server_26772,3,0001-01-10 17:03:45
9,Server_10286,1,0001-01-10 05:13:34
1029,Server_26272,2,0001-01-26 23:11:47
2169,Server_31003,0,0001-05-15 21:08:42
2933,Server_9006,2,0001-07-26 13:12:27
1523,Server_30186,2,0001-08-22 10:30:05
2328,Server_31161,0,0001-06-22 01:53:37
1781,Server_30617,0,0001-06-22 04:27:25
1932,Server_30768,0,0001-01-13 15:34:22
2499,Server_31332,0,0001-02-01 23:50:18
3001,Server_975,3,0001-01-01 19:35:06
657,Server_19488,3,0001-06-19 10:35:16
560,Server_1821,1,0001-04-14 02:39:59
1827,Server_30663,0,0001-07-29 17:04:15
1505,Server_30155,2,0001-06-13 01:57:57
2321,Server_31154,0,0001-03-09 21:27:47
2343,Server_31176,0,0001-03-26 16:14:41
2656,Server_5112,3,0001-05-16 20:33:47
1616,Server_30346,2,0001-01-08 16:54:21
692,Server_20330,1,0001-08-02 09:03:00
1712,Server_30548,0,0001-08-01 09:24:40
1201,Server_28412,2,0001-06-20 16:19:12
2971,Server_9175,3,0001-07-25 10:09:17
2757,Server_6906,2,0001-02-13 05:35:21
2941,Server_9057,2,0001-08-31 12:11:36
1320,Server_29898,2,0001-06-11 17:42:14
2902,Server_8675,1,0001-03-21 00:19:22
1814,Server_30650,0,0001-06-03 13:58:00
2489,Server_31322,0,0001-07-24 09:12:43
818,Server_22546,2,0001-03-17 12:03:46
531,Server_1764,1,0001-04-06 18:30:29
839,Server_22789,1,0001-01-22 17:23:49
1373,Server_29972,2,0001-06-29 19:40:38
961,Server_24636,3,0001-08-26 02:03:17
2292,Server_31125,0,0001-01-22 23:35:24
1386,Server_29989,2,0001-01-01 01:03:03
1863,Server_30699,0,0001-06-21 02:43:31
25,Server_10703,3,0001-05-19 11:25:29
2639,Server_4965,3,0001-08-15 09:18:41
991,Server_2523,3,0001-05-20 16:04:19
1337,Server_29926,2,0001-07-17 15:45:54
2718,Server_6183,2,0001-02-04 23:29:01
932,Server_23919,1,0001-01-09 12:08:29
506,Server_17079,2,0001-08-26 22:45:46
756,Server_21897,2,0001-04-04 08:19:44
109,Server_11822,3,0001-03-25 12:06:33
1207,Server_2868,3,0001-01-23 20:15:39
1428,Server_30047,2,0001-01-27 01:53:00
318,Server_14762,1,0001-03-28 18:34:08
1545,Server_30225,2,0001-08-08 21:45:13
419,Server_16025,3,0001-02-13 09:07:19
2438,Server_31271,0,0001-07-03 01:59:54
853,Server_22950,3,0001-02-20 17:48:38
1987,Server_30823,0,0001-05-01 22:22:05
1122,Server_27237,3,0001-07-06 15:01:20
1951,Server_30787,0,0001-08-27 02:25:02
621,Server_19097,3,0001-02-26 01:08:01
2764,Server_6955,1,0001-08-09 00:17:19
1995,Server_30831,0,0001-01-27 13:19:55
458,Server_16481,1,0001-08-04 15:19:42
604,Server_18846,3,0001-03-06 20:21:36
725,Server_21358,3,0001-04-02 11:25:15
461,Server_16506,3,0001-03-08 19:21:21
2394,Server_31227,0,0001-06-04 19:38:22
2401,Server_31234,0,0001-02-02 03:43:20
1222,Server_28985,2,0001-02-01 07:16:56
876,Server_23419,1,0001-08-22 13:45:09
2781,Server_7151,3,0001-01-23 10:28:47
2174,Server_31008,0,0001-03-03 16:18:29
2304,Server_31137,0,0001-03-20 14:21:00
117,Server_11887,1,0001-03-17 09:34:39
537,Server_1771,3,0001-05-09 13:30:41
2033,Server_30869,0,0001-06-20 20:11:14
1865,Server_30701,0,0001-06-04 12:31:41
1817,Server_30653,0,0001-07-23 06:19:23
1587,Server_30282,2,0001-04-07 20:52:41
2978,Server_9242,1,0001-01-31 20:54:19
2377,Server_31210,0,0001-08-20 03:55:18
2704,Server_5888,3,0001-07-04 12:04:10
2182,Server_31016,0,0001-03-16 01:28:42
1236,Server_29311,3,0001-08-05 12:38:02
2932,Server_9001,2,0001-07-20 12:15:10
133,Server_12101,3,0001-02-21 15:06:28
132,Server_12096,1,0001-05-24 03:17:08
2344,Server_31177,0,0001-07-29 19:44:29
1185,Server_28104,2,0001-01-13 09:34:27
3,Server_10108,2,0001-07-13 03:51:43
2173,Server_31007,0,0001-01-11 14:54:19
2566,Server_3692,1,0001-03-15 16:22:19
1592,Server_30289,2,0001-04-11 18:56:14
2316,Server_31149,0,0001-06-03 22:17:08
572,Server_18331,1,0001-01-30 18:52:38
409,Server_15988,1,0001-05-19 19:12:47
2378,Server_31211,0,0001-07-20 20:37:54
340,Server_1488,1,0001-03-17 06:21:30
2452,Server_31285,0,0001-01-13 23:42:44
475,Server_1661,3,0001-07-06 14:41:25
726,Server_21359,3,0001-02-18 11:56:00
2237,Server_31070,0,0001-04-03 01:03:21
2701,Server_5862,3,0001-07-02 18:54:44
772,Server_22123,1,0001-02-08 23:36:16
268,Server_14068,2,0001-08-12 19:03:34
2415,Server_31248,0,0001-01-27 17:31:30
1629,Server_30387,2,0001-01-29 20:13:15
489,Server_16753,1,0001-01-23 09:51:54
2773,Server_7034,2,0001-07-20 17:40:25
2400,Server_31233,0,0001-02-06 23:11:36
277,Server_14241,3,0001-05-08 14:10:30
1267,Server_29793,2,0001-05-10 21:05:01
2349,Server_31182,0,0001-02-13 05:19:51
1967,Server_30803,0,0001-08-17 23:15:51
1395,Server_30005,2,0001-03-07 07:24:21
178,Server_1244,3,0001-05-01 03:02:55
1481,Server_30121,2,0001-07-06 11:30:51
2247,Server_31080,0,0001-03-05 00:30:03
1057,Server_26638,2,0001-01-11 23:32:53
2084,Server_30919,0,0001-06-29 06:17:38
75,Server_11284,3,0001-05-05 11:12:10
216,Server_12955,1,0001-07-11 09:41:05
1036,Server_2650,3,0001-05-16 09:40:51
2961,Server_9150,1,0001-02-11 17:29:38
2166,Server_31000,0,0001-04-02 15:39:27
1059,Server_2666,3,0001-07-10 17:24:12
1940,Server_30776,0,0001-01-16 20:34:58
1335,Server_29923,2,0001-01-09 09:30:06
649,Server_19436,3,0001-05-26 23:26:48
1080,Server_26789,3,0001-02-25 15:03:24
1494,Server_30138,2,0001-06-11 04:40:02
2908,Server_8743,1,0001-08-01 10:24:52
990,Server_2521,1,0001-05-01 08:27:57
858,Server_23274,3,0001-02-16 07:42:08
114,Server_11856,1,0001-05-05 17:06:12
2823,Server_7562,1,0001-06-26 06:21:03
46,Server_1100,3,0001-07-08 06:04:51
45,Server_10991,2,0001-03-14 00:16:45
1511,Server_30165,2,0001-02-16 20:20:05
782,Server_22327,2,0001-07-03 01:47:56
2314,Server_31147,0,0001-02-16 06:30:59
1735,Server_30571,0,0001-01-25 17:07:28
492,Server_16767,3,0001-04-04 09:18:54
2156,Server_30991,0,0001-01-09 10:20:10
2323,Server_31156,0,0001-02-21 02:04:09
2275,Server_31108,0,0001-04-19 15:43:25
1656,Server_30427,2,0001-07-09 14:44:52
2229,Server_31062,0,0001-03-18 18:02:22
2974,Server_9212,3,0001-06-02 21:18:08
390,Server_15532,2,0001-05-20 11:45:29
2371,Server_31204,0,0001-05-27 23:30:35
496,Server_1684,1,0001-03-07 19:30:33
977,Server_2500,1,0001-01-15 23:00:32
1623,Server_30374,2,0001-03-03 10:23:04
644,Server_19373,3,0001-02-29 05:35:38
856,Server_23150,3,0001-06-02 04:45:38
2074,Server_30909,0,0001-04-12 10:15:24
1536,Server_30207,2,0001-05-21 22:03:35
1155,Server_27783,3,0001-05-07 13:32:12
1960,Server_30796,0,0001-08-28 16:20:54
959,Server_24632,3,0001-03-02 12:26:20
2172,Server_31006,0,0001-03-12 04:00:16
2950,Server_9116,1,0001-04-29 17:22:16
1227,Server_29190,3,0001-02-01 08:05:27
2482,Server_31315,0,0001-01-05 20:01:28
747,Server_21726,2,0001-08-09 07:10:51
1350,Server_29940,2,0001-03-18 11:48:48
838,Server_22788,2,0001-05-11 12:50:48
1745,Server_30581,0,0001-06-24 15:42:00
2081,Server_30916,0,0001-07-15 05:45:47
1047,Server_26582,1,0001-01-27 22:54:30
923,Server_23854,3,0001-03-10 16:18:33
2822,Server_7539,1,0001-06-10 09:07:46
1089,Server_269,1,0001-03-23 01:54:55
2711,Server_6036,2,0001-03-22 08:50:22
362,Server_15213,2,0001-08-11 10:38:42
706,Server_20625,3,0001-03-19 13:24:48
1860,Server_30696,0,0001-03-24 23:49:12
1477,Server_30117,1,0001-06-15 21:26:45
1341,Server_29931,2,0001-01-26 10:24:06
2100,Server_30935,0,0001-05-16 14:26:21
1020,Server_26,3,0001-04-09 12:11:42
2607,Server_4283,3,0001-06-24 22:52:23
1768,Server_30604,0,0001-03-29 15:10:15
1693,Server_30529,0,0001-07-16 05:24:59
1376,Server_29976,2,0001-02-13 17:47:19
946,Server_24395,3,0001-08-13 10:13:19
2563,Server_3558,3,0001-06-07 12:01:06
1622,Server_30372,2,0001-06-05 14:41:51
610,Server_18963,3,0001-08-10 02:29:36
581,Server_18395,3,0001-04-13 06:24:29
1444,Server_30070,2,0001-04-20 22:13:22
2296,Server_31129,0,0001-05-21 07:30:08
2520,Server_31353,0,0001-01-04 01:34:15
1596,Server_303,2,0001-06-03 14:32:31
995,Server_25319,3,0001-08-07 20:37:56
1086,Server_2686,1,0001-03-21 23:25:02
1675,Server_30511,0,0001-02-05 15:48:44
2878,Server_829,1,0001-03-19 10:53:58
2190,Server_31024,0,0001-04-12 15:53:57
22,Server_10540,1,0001-02-02 09:53:13
2615,Server_4612,3,0001-04-25 03:18:28
608,Server_18942,1,0001-02-22 00:45:24
609,Server_18960,1,0001-08-13 15:18:05
2196,Server_31030,0,0001-01-27 23:01:50
916,Server_23773,3,0001-04-17 09:33:55
1925,Server_30761,0,0001-08-31 23:12:46
1118,Server_2720,3,0001-08-12 10:38:15
766,Server_21977,3,0001-03-18 15:50:29
680,Server_20166,3,0001-02-12 14:28:48
925,Server_23865,3,0001-03-17 17:46:43
1213,Server_28841,2,0001-04-02 08:32:47
1188,Server_28120,3,0001-01-21 07:12:11
298,Server_14453,1,0001-02-06 12:21:58
2115,Server_30950,0,0001-02-15 20:57:17
1798,Server_30634,0,0001-01-27 08:01:50
2432,Server_31265,0,0001-01-22 19:05:36
786,Server_22347,3,0001-03-31 03:41:10
1169,Server_27977,1,0001-08-23 18:29:14
1789,Server_30625,0,0001-03-02 16:39:49
779,Server_22248,2,0001-05-18 20:41:15
67,Server_11222,3,0001-03-07 07:04:32
1472,Server_30112,2,0001-08-16 19:32:30
2038,Server_30874,0,0001-01-19 15:35:47
1520,Server_30182,2,0001-05-20 03:56:16
1866,Server_30702,0,0001-06-23 18:36:27
935,Server_23983,3,0001-04-24 08:51:25
693,Server_2038,3,0001-03-03 03:34:20
1003,Server_25399,3,0001-04-31 18:55:58
1591,Server_30287,2,0001-01-20 07:39:46
1279,Server_29820,2,0001-03-06 19:52:32
2483,Server_31316,0,0001-01-08 14:13:25
750,Server_21827,3,0001-08-14 15:07:27
2811,Server_7463,1,0001-05-02 17:13:50
380,Server_15439,1,0001-05-28 23:10:57
1343,Server_29933,2,0001-06-09 02:04:24
217,Server_12956,1,0001-04-29 19:58:35
2888,Server_8532,2,0001-06-06 20:02:42
2528,Server_31361,0,0001-02-17 17:08:57
2605,Server_4274,1,0001-05-05 20:13:56
2535,Server_31368,0,0001-06-03 10:51:50
2348,Server_31181,0,0001-01-15 22:44:33
729,Server_21383,3,0001-08-06 19:59:47
77,Server_11398,3,0001-08-11 23:02:00
1510,Server_30164,2,0001-02-28 01:41:19
2032,Server_30868,0,0001-06-03 14:56:36
2486,Server_31319,0,0001-01-12 05:15:16
973,Server_24923,1,0001-05-04 20:11:00
1877,Server_30713,0,0001-07-25 03:05:22
2480,Server_31313,0,0001-01-08 02:03:46
713,Server_21000,2,0001-01-09 16:41:20
1397,Server_30007,2,0001-01-04 08:43:01
1571,Server_30259,2,0001-01-15 07:03:45
2267,Server_31100,0,0001-01-21 11:13:00
2104,Server_30939,0,0001-01-10 18:34:10
681,Server_20171,3,0001-01-20 10:43:43
1362,Server_29961,2,0001-07-06 10:02:29
1495,Server_30139,2,0001-01-08 09:08:46
2273,Server_31106,0,0001-08-17 00:00:27
6,Server_10238,3,0001-04-11 06:52:16
1997,Server_30833,0,0001-06-06 19:15:11
2587,Server_3846,3,0001-07-27 12:06:35
234,Server_1327,3,0001-01-31 05:05:59
1830,Server_30666,0,0001-03-10 18:15:32
2930,Server_8998,2,0001-07-09 17:19:06
1546,Server_30227,2,0001-06-25 03:31:47
1034,Server_2643,3,0001-03-16 05:44:34
1752,Server_30588,0,0001-01-08 04:14:24
2183,Server_31017,0,0001-05-13 11:05:34
765,Server_2197,3,0001-07-07 01:52:03
398,Server_15710,3,0001-07-08 03:12:21
2583,Server_3830,3,0001-04-24 18:37:45
1312,Server_29888,2,0001-04-15 13:14:34
2151,Server_30986,0,0001-03-05 16:58:28
2667,Server_5247,3,0001-02-05 21:04:10
1988,Server_30824,0,0001-07-04 15:45:17
209,Server_12931,1,0001-02-19 23:44:48
2753,Server_6878,2,0001-05-01 17:35:54
869,Server_23403,3,0001-07-27 02:52:31
829,Server_22649,3,0001-04-27 06:21:47
548,Server_17918,3,0001-08-29 12:46:58
2560,Server_3539,3,0001-04-28 07:06:20
1590,Server_30285,2,0001-04-05 07:36:10
307,Server_14655,2,0001-01-14 11:37:33
385,Server_1548,1,0001-06-20 05:57:34
1109,Server_271,1,0001-04-09 21:30:44
748,Server_21753,2,0001-03-06 19:59:36
1764,Server_30600,0,0001-03-18 20:19:58
2669,Server_5270,3,0001-08-20 04:26:46
437,Server_16295,3,0001-05-10 11:52:28
1959,Server_30795,0,0001-08-16 18:24:25
1851,Server_30687,0,0001-03-31 10:10:59
2579,Server_3793,3,0001-05-29 14:41:47
2984,Server_9316,1,0001-02-21 06:34:39
701,Server_20563,3,0001-03-29 10:44:18
2647,Server_5016,3,0001-01-04 22:32:36
1831,Server_30667,0,0001-05-02 16:26:35
2017,Server_30853,0,0001-02-12 09:06:13
129,Server_12068,2,0001-05-11 13:53:10
410,Server_15990,3,0001-06-23 14:05:09
1237,Server_29316,3,0001-08-15 09:30:25
205,Server_1283,1,0001-04-14 10:00:04
806,Server_22466,2,0001-02-14 00:23:53
2899,Server_8642,3,0001-07-01 08:11:40
72,Server_11251,2,0001-01-31 06:36:56
2874,Server_814,3,0001-07-15 16:48:39
539,Server_1772,1,0001-01-15 20:24:31
2546,Server_31379,0,0001-06-23 04:12:00
602,Server_18830,3,0001-03-04 10:08:05
775,Server_22161,1,0001-06-06 09:58:06
151,Server_1217,1,0001-04-31 16:05:56
1145,Server_27719,3,0001-06-21 11:16:27
1786,Server_30622,0,0001-07-22 11:41:33
2817,Server_7505,3,0001-03-19 11:57:11
1195,Server_28237,3,0001-01-20 15:24:00
2228,Server_31061,0,0001-01-02 23:12:56
2569,Server_3711,3,0001-05-28 00:56:04
1947,Server_30783,0,0001-06-10 18:40:34
517,Server_17378,3,0001-08-04 20:58:37
1612,Server_30335,2,0001-01-24 11:48:48
1328,Server_29913,2,0001-06-12 05:50:53
1771,Server_30607,0,0001-03-19 06:57:04
2730,Server_6474,1,0001-03-30 19:36:39
1724,Server_30560,0,0001-07-07 11:55:29
505,Server_16971,2,0001-03-11 08:25:39
2148,Server_30983,0,0001-03-06 17:54:48
142,Server_1214,1,0001-04-31 01:48:52
1414,Server_30029,2,0001-02-22 03:45:48
1868,Server_30704,0,0001-07-30 15:33:53
1692,Server_30528,0,0001-07-06 05:30:58
1234,Server_29217,3,0001-08-21 14:36:27
929,Server_23894,3,0001-05-08 12:09:21
2503,Server_31336,0,0001-06-31 05:19:57
2959,Server_9141,1,0001-01-14 21:45:35
468,Server_16556,3,0001-05-17 22:58:23
1307,Server_29883,2,0001-06-17 08:03:15
2058,Server_30894,0,0001-04-15 15:11:34
2324,Server_31157,0,0001-07-15 14:31:05
1822,Server_30658,0,0001-03-29 18:49:20
1159,Server_27868,3,0001-01-01 15:44:20
1714,Server_30550,0,0001-06-18 12:04:07
1600,Server_30314,2,0001-06-11 18:31:02
737,Server_21574,2,0001-06-15 22:27:09
1680,Server_30516,0,0001-03-20 19:03:55
1271,Server_29805,2,0001-01-20 15:32:16
135,Server_12107,3,0001-03-18 03:03:24
558,Server_18155,1,0001-01-28 20:07:36
1713,Server_30549,0,0001-07-07 01:50:36
2679,Server_5474,2,0001-07-21 13:04:16
71,Server_11249,1,0001-07-28 09:55:41
2232,Server_31065,0,0001-03-26 03:26:54
1190,Server_28123,3,0001-08-09 15:00:30
2855,Server_7922,1,0001-08-17 03:46:39
172,Server_12379,3,0001-06-05 17:38:38
1841,Server_30677,0,0001-01-27 20:44:02
2193,Server_31027,0,0001-01-23 04:35:11
591,Server_18569,1,0001-01-10 05:44:16
2910,Server_8771,2,0001-04-30 16:07:53
896,Server_23568,3,0001-03-16 19:56:31
296,Server_14439,3,0001-02-25 01:12:56
379,Server_15435,2,0001-08-24 15:22:52
2061,Server_30897,0,0001-07-10 19:29:12
1896,Server_30732,0,0001-08-01 07:06:24
1926,Server_30762,0,0001-08-30 04:14:29
933,Server_23938,3,0001-01-15 18:03:44
2016,Server_30852,0,0001-02-03 17:04:57
2000,Server_30836,0,0001-01-27 13:05:57
1361,Server_29959,2,0001-01-14 06:10:04
1946,Server_30782,0,0001-06-11 11:11:03
